time,lat,lon,hMSL,velN,velE,velD,hAcc,vAcc,sAcc,heading,cAcc,gpsFix,numSV,pom
,(deg),(deg),(m),(m/s),(m/s),(m/s),(m),(m),(m/s),(deg),(deg),,,
2023-03-09T22:41:46.40Z,28.2161892,-82.1527773,726.635,-11.33,21.84,13.34,1.039,1.510,0.22,117.42251,0.48694,3,16
2023-03-09T22:41:46.50Z,28.2161792,-82.1527550,725.308,-10.93,22.00,13.18,1.037,1.508,0.22,116.40692,0.46120,3,16
2023-03-09T22:41:46.60Z,28.2161696,-82.1527325,723.992,-10.55,22.20,13.09,1.035,1.506,0.21,115.41438,0.46272,3,16
2023-03-09T22:41:46.70Z,28.2161602,-82.1527098,722.703,-10.23,22.46,12.85,1.034,1.504,0.21,114.49342,0.46367,3,16
2023-03-09T22:41:46.80Z,28.2161511,-82.1526869,721.415,-9.97,22.61,12.73,1.032,1.502,0.21,113.78995,0.46551,3,16
2023-03-09T22:41:46.90Z,28.2161424,-82.1526639,720.161,-9.51,22.77,12.50,1.030,1.500,0.21,112.66508,0.46911,3,16
2023-03-09T22:41:47.00Z,28.2161340,-82.1526408,718.920,-9.24,22.84,12.41,1.028,1.498,0.21,112.02469,0.46796,3,16
2023-03-09T22:41:47.10Z,28.2161258,-82.1526175,717.687,-8.91,22.98,12.25,1.027,1.496,0.22,111.18305,0.47206,3,16
2023-03-09T22:41:47.20Z,28.2161179,-82.1525941,716.479,-8.58,23.01,11.98,1.025,1.494,0.22,110.44983,0.48487,3,16
2023-03-09T22:41:47.30Z,28.2161103,-82.1525707,715.297,-8.36,23.06,11.78,1.024,1.492,0.22,109.92882,0.50302,3,16
2023-03-09T22:41:47.40Z,28.2161029,-82.1525473,714.132,-8.04,23.15,11.61,1.023,1.490,0.19,109.15935,0.46207,3,16
2023-03-09T22:41:47.50Z,28.2160958,-82.1525237,712.967,-7.82,23.14,11.51,1.021,1.488,0.19,108.66493,0.47209,3,16
2023-03-09T22:41:47.60Z,28.2160890,-82.1525001,711.825,-7.41,23.23,11.36,1.019,1.486,0.19,107.68730,0.48739,3,16
2023-03-09T22:41:47.70Z,28.2160824,-82.1524764,710.687,-7.18,23.32,11.14,1.018,1.484,0.19,107.11835,0.48679,3,16
2023-03-09T22:41:47.80Z,28.2160760,-82.1524528,709.563,-7.10,23.23,11.18,1.016,1.482,0.19,107.00538,0.49273,3,16
2023-03-09T22:41:47.90Z,28.2160698,-82.1524291,708.447,-6.92,23.22,11.13,1.015,1.480,0.19,106.59664,0.50519,3,16
2023-03-09T22:41:48.00Z,28.2160636,-82.1524056,707.349,-6.84,23.07,10.91,1.014,1.478,0.19,106.50548,0.51565,3,16
2023-03-09T22:41:48.10Z,28.2160575,-82.1523821,706.254,-6.72,23.02,10.88,1.013,1.476,0.19,106.26117,0.54887,3,16
2023-03-09T22:41:48.20Z,28.2160516,-82.1523587,705.158,-6.57,23.06,10.92,1.012,1.475,0.19,105.90221,0.56857,3,16
2023-03-09T22:41:48.30Z,28.2160457,-82.1523352,704.059,-6.45,23.07,10.92,1.011,1.474,0.19,105.61067,0.56757,3,16
2023-03-09T22:41:48.40Z,28.2160400,-82.1523118,702.969,-6.29,22.93,10.94,1.009,1.473,0.19,105.34197,0.56854,3,16
2023-03-09T22:41:48.50Z,28.2160344,-82.1522885,701.868,-6.28,22.85,10.90,1.008,1.472,0.19,105.36591,0.57036,3,16
2023-03-09T22:41:48.60Z,28.2160287,-82.1522654,700.777,-6.34,22.74,10.90,1.007,1.471,0.20,105.56624,0.56497,3,16
2023-03-09T22:41:48.70Z,28.2160230,-82.1522423,699.691,-6.29,22.67,10.81,1.006,1.470,0.19,105.51716,0.50047,3,16
2023-03-09T22:41:48.80Z,28.2160173,-82.1522193,698.602,-6.33,22.58,10.89,1.005,1.469,0.19,105.64730,0.48744,3,16
2023-03-09T22:41:48.90Z,28.2160116,-82.1521965,697.512,-6.34,22.44,10.95,1.004,1.468,0.19,105.77623,0.49201,3,16
2023-03-09T22:41:49.00Z,28.2160059,-82.1521737,696.409,-6.39,22.38,10.97,1.003,1.467,0.20,105.92794,0.51886,3,16
2023-03-09T22:41:49.10Z,28.2160002,-82.1521511,695.312,-6.39,22.11,11.00,1.002,1.466,0.20,106.12537,0.57853,3,16
2023-03-09T22:41:49.20Z,28.2159944,-82.1521287,694.205,-6.52,22.00,10.97,1.001,1.466,0.21,106.51620,0.64783,3,16
2023-03-09T22:41:49.30Z,28.2159885,-82.1521064,693.087,-6.61,21.96,11.04,1.001,1.466,0.21,106.74141,0.65932,3,16
2023-03-09T22:41:49.40Z,28.2159826,-82.1520842,691.957,-6.60,21.82,11.23,1.000,1.466,0.21,106.83331,0.67681,3,16
2023-03-09T22:41:49.50Z,28.2159765,-82.1520620,690.839,-6.79,21.76,11.17,1.000,1.466,0.21,107.32219,0.67810,3,16
2023-03-09T22:41:49.60Z,28.2159704,-82.1520400,689.710,-6.85,21.53,11.27,0.999,1.466,0.20,107.64143,0.53702,3,16
2023-03-09T22:41:49.70Z,28.2159642,-82.1520182,688.568,-6.93,21.39,11.37,0.999,1.465,0.19,107.95109,0.53793,3,16
2023-03-09T22:41:49.80Z,28.2159578,-82.1519965,687.448,-7.03,21.31,11.35,0.998,1.465,0.20,108.26432,0.55120,3,16
2023-03-09T22:41:49.90Z,28.2159515,-82.1519750,686.312,-7.04,21.12,11.33,0.997,1.466,0.21,108.42816,0.56390,3,16
2023-03-09T22:41:50.00Z,28.2159451,-82.1519536,685.182,-7.03,21.01,11.41,0.997,1.466,0.21,108.50022,0.60818,3,16
2023-03-09T22:41:50.10Z,28.2159388,-82.1519322,684.047,-7.09,21.00,11.41,0.996,1.467,0.21,108.66656,0.60624,3,16
2023-03-09T22:41:50.20Z,28.2159324,-82.1519109,682.896,-7.12,20.95,11.37,0.996,1.468,0.21,108.76328,0.64907,3,16
2023-03-09T22:41:50.30Z,28.2159259,-82.1518897,681.754,-7.18,20.74,11.48,0.995,1.469,0.22,109.08652,0.67470,3,16
2023-03-09T22:41:50.40Z,28.2159195,-82.1518686,680.598,-7.16,20.76,11.49,0.995,1.470,0.22,109.01864,0.67414,3,16
2023-03-09T22:41:50.50Z,28.2159131,-82.1518476,679.446,-7.11,20.67,11.45,0.995,1.471,0.22,108.98362,0.67685,3,16
2023-03-09T22:41:50.60Z,28.2159066,-82.1518266,678.303,-7.11,20.64,11.46,0.995,1.472,0.23,109.00729,0.67418,3,16
2023-03-09T22:41:50.70Z,28.2159002,-82.1518056,677.151,-7.11,20.62,11.59,0.995,1.473,0.23,109.02609,0.76289,3,16
2023-03-09T22:41:50.80Z,28.2158938,-82.1517847,676.004,-7.00,20.46,11.50,0.994,1.474,0.23,108.89124,0.76174,3,16
2023-03-09T22:41:50.90Z,28.2158875,-82.1517640,674.841,-7.10,20.40,11.58,0.994,1.475,0.22,109.20531,0.74669,3,16
2023-03-09T22:41:51.00Z,28.2158811,-82.1517433,673.676,-7.06,20.31,11.68,0.994,1.477,0.22,109.15734,0.73583,3,16
2023-03-09T22:41:51.10Z,28.2158747,-82.1517226,672.512,-6.98,20.28,11.78,0.994,1.478,0.22,108.98542,0.76355,3,16
2023-03-09T22:41:51.20Z,28.2158684,-82.1517020,671.326,-6.96,20.27,11.82,0.994,1.480,0.22,108.94381,0.68420,3,16
2023-03-09T22:41:51.30Z,28.2158622,-82.1516815,670.128,-6.94,20.16,11.82,0.993,1.481,0.22,108.98252,0.68563,3,16
2023-03-09T22:41:51.40Z,28.2158560,-82.1516609,668.950,-6.83,20.21,11.85,0.993,1.482,0.22,108.68354,0.68424,3,16
2023-03-09T22:41:51.50Z,28.2158499,-82.1516404,667.744,-6.74,20.17,12.02,0.993,1.483,0.22,108.47248,0.68602,3,16
2023-03-09T22:41:51.60Z,28.2158438,-82.1516199,666.532,-6.78,20.09,12.09,0.992,1.485,0.22,108.64927,0.68843,3,16
2023-03-09T22:41:51.70Z,28.2158377,-82.1515996,665.318,-6.73,19.89,12.21,0.992,1.486,0.21,108.68830,0.69439,3,16
2023-03-09T22:41:51.80Z,28.2158316,-82.1515793,664.082,-6.75,20.02,12.25,0.992,1.487,0.21,108.62378,0.69801,3,16
2023-03-09T22:41:51.90Z,28.2158256,-82.1515590,662.844,-6.71,19.92,12.30,0.991,1.488,0.21,108.62151,0.72297,3,16
2023-03-09T22:41:52.00Z,28.2158195,-82.1515388,661.595,-6.73,19.90,12.42,0.991,1.490,0.22,108.67898,0.74385,3,16
2023-03-09T22:41:52.10Z,28.2158134,-82.1515185,660.360,-6.73,19.95,12.46,0.991,1.491,0.22,108.64196,0.69943,3,16
2023-03-09T22:41:52.20Z,28.2158073,-82.1514982,659.124,-6.66,19.82,12.59,0.991,1.493,0.22,108.56969,0.72419,3,16
2023-03-09T22:41:52.30Z,28.2158013,-82.1514782,657.867,-6.63,19.67,12.65,0.991,1.494,0.22,108.61154,0.73241,3,16
2023-03-09T22:41:52.40Z,28.2157953,-82.1514582,656.596,-6.70,19.70,12.68,0.991,1.496,0.22,108.77677,0.73744,3,16
2023-03-09T22:41:52.50Z,28.2157893,-82.1514381,655.319,-6.64,19.69,12.77,0.991,1.498,0.22,108.63214,0.72417,3,16
2023-03-09T22:41:52.60Z,28.2157833,-82.1514181,654.025,-6.66,19.65,12.88,0.991,1.500,0.21,108.72516,0.72547,3,15
2023-03-09T22:41:52.70Z,28.2157773,-82.1513982,652.734,-6.63,19.64,12.98,0.991,1.501,0.21,108.65488,0.72445,3,15
2023-03-09T22:41:52.80Z,28.2157712,-82.1513782,651.432,-6.69,19.56,13.10,0.991,1.502,0.21,108.88975,0.72677,3,15
2023-03-09T22:41:52.90Z,28.2157652,-82.1513584,650.105,-6.69,19.57,13.13,0.990,1.504,0.21,108.87581,0.72428,3,15
2023-03-09T22:41:53.00Z,28.2157592,-82.1513385,648.779,-6.68,19.51,13.28,0.990,1.505,0.21,108.90920,0.72631,3,15
2023-03-09T22:41:53.10Z,28.2157532,-82.1513186,647.426,-6.73,19.53,13.34,0.990,1.507,0.21,109.02081,0.72544,3,15
2023-03-09T22:41:53.20Z,28.2157471,-82.1512988,646.087,-6.62,19.50,13.39,0.990,1.508,0.21,108.76464,0.73654,3,15
2023-03-09T22:41:53.30Z,28.2157412,-82.1512790,644.731,-6.66,19.37,13.42,0.990,1.510,0.21,108.95773,0.74148,3,15
2023-03-09T22:41:53.40Z,28.2157352,-82.1512592,643.366,-6.68,19.48,13.54,0.990,1.511,0.21,108.93933,0.71515,3,16
2023-03-09T22:41:53.50Z,28.2157292,-82.1512394,642.004,-6.69,19.46,13.62,0.990,1.512,0.21,108.96300,0.71500,3,16
2023-03-09T22:41:53.60Z,28.2157231,-82.1512197,640.644,-6.69,19.36,13.71,0.990,1.513,0.21,109.07098,0.70884,3,16
2023-03-09T22:41:53.70Z,28.2157170,-82.1512000,639.264,-6.69,19.30,13.73,0.989,1.514,0.21,109.12530,0.71061,3,16
2023-03-09T22:41:53.80Z,28.2157110,-82.1511804,637.883,-6.71,19.22,13.84,0.989,1.515,0.21,109.23518,0.70154,3,16
2023-03-09T22:41:53.90Z,28.2157049,-82.1511608,636.505,-6.74,19.21,13.79,0.989,1.515,0.21,109.32472,0.69992,3,16
2023-03-09T22:41:54.00Z,28.2156988,-82.1511412,635.114,-6.71,19.22,13.92,0.989,1.516,0.21,109.26137,0.69921,3,16
2023-03-09T22:41:54.10Z,28.2156928,-82.1511217,633.715,-6.71,19.16,13.93,0.988,1.517,0.21,109.30269,0.69377,3,16
2023-03-09T22:41:54.20Z,28.2156868,-82.1511022,632.303,-6.64,19.17,14.02,0.988,1.518,0.21,109.09897,0.70065,3,16
2023-03-09T22:41:54.30Z,28.2156808,-82.1510826,630.899,-6.58,19.21,14.07,0.988,1.518,0.21,108.91208,0.69377,3,16
2023-03-09T22:41:54.40Z,28.2156749,-82.1510631,629.487,-6.60,19.17,14.10,0.987,1.519,0.21,109.00392,0.69451,3,16
2023-03-09T22:41:54.50Z,28.2156689,-82.1510436,628.069,-6.59,19.22,14.18,0.987,1.519,0.21,108.92040,0.66551,3,16
2023-03-09T22:41:54.60Z,28.2156630,-82.1510240,626.645,-6.51,19.26,14.22,0.986,1.520,0.21,108.67544,0.66403,3,16
2023-03-09T22:41:54.70Z,28.2156572,-82.1510044,625.218,-6.45,19.27,14.30,0.986,1.520,0.21,108.50021,0.66476,3,16
2023-03-09T22:41:54.80Z,28.2156513,-82.1509848,623.800,-6.48,19.28,14.14,0.986,1.520,0.20,108.57499,0.72801,3,16
2023-03-09T22:41:54.90Z,28.2156455,-82.1509651,622.373,-6.50,19.38,14.21,0.985,1.520,0.20,108.53379,0.72382,3,16
2023-03-09T22:41:55.00Z,28.2156397,-82.1509455,620.952,-6.41,19.27,14.24,0.985,1.521,0.21,108.40431,0.76720,3,16
2023-03-09T22:41:55.10Z,28.2156338,-82.1509259,619.514,-6.53,19.20,14.28,0.985,1.522,0.21,108.79910,0.68735,3,16
2023-03-09T22:41:55.20Z,28.2156280,-82.1509063,618.092,-6.46,19.25,14.27,0.984,1.522,0.20,108.55535,0.65483,3,16
2023-03-09T22:41:55.30Z,28.2156221,-82.1508867,616.658,-6.44,19.32,14.27,0.984,1.522,0.20,108.45206,0.65056,3,16
2023-03-09T22:41:55.40Z,28.2156163,-82.1508671,615.224,-6.39,19.29,14.32,0.983,1.522,0.20,108.32022,0.65129,3,16
2023-03-09T22:41:55.50Z,28.2156106,-82.1508474,613.794,-6.36,19.29,14.37,0.983,1.522,0.20,108.24548,0.65155,3,16
2023-03-09T22:41:55.60Z,28.2156049,-82.1508278,612.349,-6.31,19.33,14.35,0.982,1.523,0.20,108.07346,0.68129,3,16
2023-03-09T22:41:55.70Z,28.2155992,-82.1508081,610.915,-6.22,19.41,14.33,0.982,1.523,0.20,107.77204,0.66298,3,16
2023-03-09T22:41:55.80Z,28.2155936,-82.1507884,609.487,-6.21,19.33,14.31,0.981,1.524,0.20,107.81601,0.66544,3,16
2023-03-09T22:41:55.90Z,28.2155880,-82.1507687,608.065,-6.12,19.38,14.32,0.981,1.524,0.20,107.53340,0.66441,3,16
2023-03-09T22:41:56.00Z,28.2155826,-82.1507490,606.632,-5.97,19.37,14.27,0.980,1.525,0.20,107.13578,0.66605,3,16
2023-03-09T22:41:56.10Z,28.2155773,-82.1507292,605.183,-5.90,19.48,14.15,0.980,1.525,0.20,106.84125,0.65180,3,16
2023-03-09T22:41:56.20Z,28.2155721,-82.1507095,603.702,-5.80,19.42,14.29,0.979,1.525,0.20,106.62394,0.64077,3,16
2023-03-09T22:41:56.30Z,28.2155671,-82.1506897,602.235,-5.53,19.46,14.33,0.979,1.525,0.22,105.86938,0.72246,3,16
2023-03-09T22:41:56.40Z,28.2155621,-82.1506699,600.823,-5.48,19.50,14.34,0.978,1.525,0.22,105.71262,0.72310,3,16
2023-03-09T22:41:56.50Z,28.2155571,-82.1506500,599.404,-5.44,19.56,14.32,0.978,1.525,0.23,105.54138,0.79285,3,16
2023-03-09T22:41:56.60Z,28.2155523,-82.1506301,597.969,-5.26,19.67,14.40,0.978,1.525,0.23,104.97571,0.79047,3,16
2023-03-09T22:41:56.70Z,28.2155477,-82.1506101,596.519,-5.03,19.68,14.43,0.978,1.526,0.25,104.32703,0.88208,3,16
2023-03-09T22:41:56.80Z,28.2155432,-82.1505900,595.073,-4.85,19.73,14.44,0.978,1.527,0.25,103.81586,0.87835,3,16
2023-03-09T22:41:56.90Z,28.2155389,-82.1505699,593.619,-4.75,19.82,14.49,0.979,1.528,0.25,103.47614,0.88562,3,16
2023-03-09T22:41:57.00Z,28.2155347,-82.1505497,592.155,-4.52,19.85,14.61,0.979,1.529,0.26,102.82794,0.91238,3,16
2023-03-09T22:41:57.10Z,28.2155307,-82.1505294,590.700,-4.24,19.88,14.57,0.980,1.530,0.26,102.04868,0.92490,3,16
2023-03-09T22:41:57.20Z,28.2155270,-82.1505092,589.239,-4.01,19.89,14.57,0.980,1.531,0.26,101.39045,0.91953,3,16
2023-03-09T22:41:57.30Z,28.2155236,-82.1504889,587.760,-3.69,19.97,14.56,0.981,1.532,0.25,100.47817,0.93892,3,16
2023-03-09T22:41:57.40Z,28.2155204,-82.1504685,586.297,-3.42,20.08,14.57,0.981,1.533,0.26,99.66828,0.98001,3,16
2023-03-09T22:41:57.50Z,28.2155174,-82.1504480,584.826,-3.14,20.10,14.61,0.982,1.534,0.25,98.87234,0.97573,3,16
2023-03-09T22:41:57.60Z,28.2155147,-82.1504276,583.366,-2.82,20.03,14.65,0.982,1.535,0.25,98.02616,0.95115,3,16
2023-03-09T22:41:57.70Z,28.2155123,-82.1504071,581.911,-2.58,20.08,14.65,0.983,1.536,0.25,97.32242,0.98712,3,16
2023-03-09T22:41:57.80Z,28.2155102,-82.1503866,580.443,-2.07,20.16,14.70,0.983,1.536,0.25,95.85013,0.99650,3,16
2023-03-09T22:41:57.90Z,28.2155084,-82.1503661,578.960,-1.85,20.14,14.71,0.984,1.537,0.25,95.24251,1.00590,3,16
2023-03-09T22:41:58.00Z,28.2155069,-82.1503456,577.463,-1.57,20.18,14.91,0.985,1.538,0.26,94.45809,1.00693,3,16,1
2023-03-09T22:41:58.10Z,28.2155057,-82.1503250,575.973,-1.19,20.29,14.94,0.985,1.538,0.26,93.37096,0.99764,3,16
2023-03-09T22:41:58.20Z,28.2155048,-82.1503043,574.471,-0.90,20.34,14.97,0.986,1.539,0.26,92.52642,1.02206,3,16
2023-03-09T22:41:58.30Z,28.2155042,-82.1502836,572.966,-0.50,20.23,15.05,0.987,1.540,0.26,91.42674,1.01503,3,16
2023-03-09T22:41:58.40Z,28.2155039,-82.1502630,571.468,-0.03,20.23,15.02,0.987,1.540,0.26,90.08975,0.97971,3,16
2023-03-09T22:41:58.50Z,28.2155041,-82.1502424,569.951,0.27,20.32,15.12,0.988,1.541,0.26,89.24407,0.99717,3,16
2023-03-09T22:41:58.60Z,28.2155046,-82.1502217,568.431,0.85,20.23,15.23,0.988,1.541,0.25,87.58323,0.94406,3,16
2023-03-09T22:41:58.70Z,28.2155056,-82.1502012,566.905,1.33,20.14,15.23,0.989,1.542,0.23,86.22168,0.95218,3,16
2023-03-09T22:41:58.80Z,28.2155070,-82.1501807,565.377,1.71,20.09,15.24,0.989,1.543,0.23,85.13767,0.95780,3,16
2023-03-09T22:41:58.90Z,28.2155088,-82.1501603,563.870,2.22,19.99,15.20,0.989,1.544,0.23,83.67546,0.97301,3,16
2023-03-09T22:41:59.00Z,28.2155111,-82.1501399,562.337,2.69,20.00,15.30,0.989,1.545,0.23,82.32447,0.93672,3,16
2023-03-09T22:41:59.10Z,28.2155138,-82.1501197,560.781,3.29,19.87,15.43,0.989,1.546,0.22,80.58447,0.85256,3,16
2023-03-09T22:41:59.20Z,28.2155171,-82.1500995,559.211,3.79,19.81,15.47,0.989,1.547,0.22,79.16015,0.85885,3,16
2023-03-09T22:41:59.30Z,28.2155209,-82.1500795,557.637,4.51,19.57,15.65,0.989,1.548,0.22,77.01252,0.86241,3,16
2023-03-09T22:41:59.40Z,28.2155252,-82.1500597,556.055,4.96,19.43,15.67,0.989,1.550,0.23,75.67744,0.88129,3,16
2023-03-09T22:41:59.50Z,28.2155299,-82.1500400,554.473,5.49,19.26,15.77,0.989,1.550,0.23,74.07826,0.88359,3,16
2023-03-09T22:41:59.60Z,28.2155353,-82.1500205,552.878,6.24,19.15,15.83,0.989,1.551,0.23,71.95645,0.92892,3,16
2023-03-09T22:41:59.70Z,28.2155412,-82.1500012,551.273,6.78,18.89,15.93,0.989,1.551,0.23,70.26707,1.00124,3,16
2023-03-09T22:41:59.80Z,28.2155477,-82.1499821,549.651,7.45,18.63,16.06,0.989,1.552,0.23,68.20306,1.06169,3,16
2023-03-09T22:41:59.90Z,28.2155546,-82.1499633,548.058,7.94,18.47,16.09,0.990,1.553,0.26,66.73597,1.16042,3,16
2023-03-09T22:42:00.00Z,28.2155622,-82.1499446,546.428,8.53,18.29,16.16,0.991,1.554,0.26,65.00819,1.20496,3,16
2023-03-09T22:42:00.10Z,28.2155702,-82.1499262,544.806,9.02,17.98,16.22,0.993,1.556,0.32,63.35879,1.26433,3,16
2023-03-09T22:42:00.20Z,28.2155788,-82.1499082,543.166,9.76,17.55,16.46,0.994,1.558,0.30,60.90903,1.01047,3,16
2023-03-09T22:42:00.30Z,28.2155880,-82.1498908,541.485,10.45,16.95,16.53,0.995,1.559,0.31,58.33656,0.91701,3,16
2023-03-09T22:42:00.40Z,28.2155978,-82.1498739,539.817,11.16,16.47,16.51,0.995,1.561,0.30,55.87901,0.75230,3,16
2023-03-09T22:42:00.50Z,28.2156083,-82.1498573,538.105,11.83,16.11,16.70,0.995,1.563,0.30,53.70222,0.71423,3,16
2023-03-09T22:42:00.60Z,28.2156193,-82.1498411,536.431,12.50,15.74,16.81,0.995,1.565,0.30,51.53497,0.70843,3,16
2023-03-09T22:42:00.70Z,28.2156309,-82.1498253,534.735,13.05,15.21,16.90,0.995,1.568,0.31,49.36960,0.72115,3,16
2023-03-09T22:42:00.80Z,28.2156430,-82.1498101,533.022,13.78,14.82,17.10,0.995,1.571,0.31,47.08727,0.70421,3,16
2023-03-09T22:42:00.90Z,28.2156557,-82.1497953,531.312,14.42,14.28,17.26,0.995,1.573,0.31,44.71695,0.69903,3,16
2023-03-09T22:42:01.00Z,28.2156690,-82.1497809,529.561,15.10,13.87,17.29,0.994,1.576,0.31,42.56841,0.69076,3,16
2023-03-09T22:42:01.10Z,28.2156829,-82.1497670,527.789,15.60,13.51,17.54,0.994,1.578,0.29,40.89803,0.66592,3,16
2023-03-09T22:42:01.20Z,28.2156971,-82.1497535,526.041,15.96,13.04,17.56,0.994,1.579,0.28,39.25834,0.66995,3,16
2023-03-09T22:42:01.30Z,28.2157117,-82.1497404,524.310,16.49,12.61,17.62,0.994,1.580,0.29,37.39707,0.66479,3,16
2023-03-09T22:42:01.40Z,28.2157269,-82.1497279,522.539,16.93,12.08,17.58,0.993,1.580,0.29,35.51420,0.66815,3,16
2023-03-09T22:42:01.50Z,28.2157424,-82.1497159,520.750,17.41,11.38,17.74,0.993,1.580,0.27,33.17053,0.60882,3,16
2023-03-09T22:42:01.60Z,28.2157584,-82.1497046,518.922,17.93,10.90,17.89,0.992,1.578,0.25,31.28847,0.54018,3,16
2023-03-09T22:42:01.70Z,28.2157748,-82.1496938,517.128,18.30,10.43,18.00,0.990,1.577,0.24,29.67999,0.52927,3,16
2023-03-09T22:42:01.80Z,28.2157916,-82.1496834,515.326,18.87,9.85,18.06,0.989,1.576,0.24,27.57437,0.53386,3,16
2023-03-09T22:42:01.90Z,28.2158088,-82.1496737,513.510,19.32,9.35,18.11,0.987,1.575,0.24,25.82404,0.52899,3,16
2023-03-09T22:42:02.00Z,28.2158264,-82.1496644,511.689,19.71,8.80,18.24,0.986,1.574,0.24,24.07209,0.52293,3,16
2023-03-09T22:42:02.10Z,28.2158443,-82.1496558,509.866,20.01,8.18,18.21,0.985,1.573,0.24,22.23609,0.51881,3,16
2023-03-09T22:42:02.20Z,28.2158626,-82.1496477,508.046,20.55,7.71,18.35,0.983,1.572,0.24,20.55118,0.50633,3,16
2023-03-09T22:42:02.30Z,28.2158814,-82.1496402,506.195,21.00,7.08,18.45,0.982,1.571,0.24,18.63886,0.49951,3,16
2023-03-09T22:42:02.40Z,28.2159005,-82.1496333,504.355,21.37,6.54,18.44,0.981,1.570,0.23,17.02379,0.49855,3,16
2023-03-09T22:42:02.50Z,28.2159200,-82.1496270,502.509,21.79,5.90,18.42,0.979,1.568,0.23,15.14416,0.49071,3,16
2023-03-09T22:42:02.60Z,28.2159398,-82.1496212,500.673,22.21,5.37,18.42,0.978,1.568,0.24,13.59594,0.50071,3,16
2023-03-09T22:42:02.70Z,28.2159600,-82.1496161,498.825,22.53,4.75,18.32,0.977,1.567,0.25,11.91395,0.54236,3,16
2023-03-09T22:42:02.80Z,28.2159804,-82.1496116,496.995,22.90,4.12,18.35,0.976,1.567,0.25,10.18837,0.53626,3,16
2023-03-09T22:42:02.90Z,28.2160012,-82.1496078,495.187,23.20,3.47,18.28,0.975,1.566,0.27,8.50429,0.55336,3,16
2023-03-09T22:42:03.00Z,28.2160222,-82.1496045,493.398,23.44,2.94,18.02,0.974,1.566,0.30,7.16164,0.62119,3,16
2023-03-09T22:42:03.10Z,28.2160434,-82.1496018,491.637,23.68,2.38,17.86,0.974,1.566,0.31,5.72896,0.59187,3,16
2023-03-09T22:42:03.20Z,28.2160649,-82.1495996,489.870,24.02,1.94,17.86,0.973,1.566,0.28,4.61053,0.50268,3,16
2023-03-09T22:42:03.30Z,28.2160866,-82.1495978,488.109,24.30,1.63,17.58,0.972,1.566,0.26,3.83668,0.46605,3,16
2023-03-09T22:42:03.40Z,28.2161086,-82.1495962,486.364,24.56,1.30,17.41,0.971,1.565,0.26,3.03667,0.47681,3,16
2023-03-09T22:42:03.50Z,28.2161309,-82.1495951,484.603,24.87,0.90,17.38,0.970,1.565,0.26,2.07211,0.51152,3,16
2023-03-09T22:42:03.60Z,28.2161535,-82.1495944,482.856,25.05,0.45,17.29,0.969,1.564,0.26,1.01800,0.50817,3,16
2023-03-09T22:42:03.70Z,28.2161762,-82.1495942,481.116,25.24,0.09,17.18,0.968,1.563,0.26,0.21082,0.50381,3,16
2023-03-09T22:42:03.80Z,28.2161991,-82.1495941,479.391,25.44,-0.06,16.98,0.967,1.562,0.27,359.87142,0.53187,3,16
2023-03-09T22:42:03.90Z,28.2162222,-82.1495943,477.679,25.55,-0.30,16.81,0.966,1.561,0.27,359.33407,0.58292,3,16
2023-03-09T22:42:04.00Z,28.2162454,-82.1495947,475.970,25.74,-0.46,16.71,0.965,1.560,0.27,358.97857,0.58427,3,16
2023-03-09T22:42:04.10Z,28.2162687,-82.1495952,474.291,25.85,-0.60,16.62,0.965,1.560,0.27,358.66626,0.60310,3,16
2023-03-09T22:42:04.20Z,28.2162921,-82.1495959,472.617,25.91,-0.77,16.58,0.964,1.559,0.27,358.29822,0.59817,3,16
2023-03-09T22:42:04.30Z,28.2163156,-82.1495968,470.953,26.07,-0.95,16.38,0.963,1.558,0.27,357.92358,0.59875,3,16
2023-03-09T22:42:04.40Z,28.2163392,-82.1495978,469.316,26.15,-1.04,16.15,0.963,1.558,0.27,357.72460,0.56339,3,16
2023-03-09T22:42:04.50Z,28.2163629,-82.1495988,467.670,26.26,-1.02,16.12,0.962,1.557,0.27,357.76682,0.56385,3,16
2023-03-09T22:42:04.60Z,28.2163866,-82.1495999,466.054,26.32,-1.05,15.99,0.962,1.557,0.27,357.70553,0.56315,3,16
2023-03-09T22:42:04.70Z,28.2164104,-82.1496010,464.443,26.37,-1.07,15.90,0.961,1.557,0.27,357.67882,0.58114,3,16
2023-03-09T22:42:04.80Z,28.2164343,-82.1496021,462.863,26.44,-1.19,15.74,0.961,1.557,0.27,357.42162,0.58088,3,16
2023-03-09T22:42:04.90Z,28.2164582,-82.1496033,461.289,26.54,-1.20,15.61,0.961,1.557,0.27,357.40872,0.58704,3,16
2023-03-09T22:42:05.00Z,28.2164822,-82.1496047,459.712,26.56,-1.41,15.58,0.960,1.557,0.27,356.95503,0.58306,3,16
2023-03-09T22:42:05.10Z,28.2165062,-82.1496062,458.133,26.61,-1.36,15.39,0.960,1.557,0.27,357.06434,0.64770,3,16
2023-03-09T22:42:05.20Z,28.2165302,-82.1496075,456.595,26.58,-1.33,15.22,0.960,1.557,0.27,357.13728,0.65594,3,16
2023-03-09T22:42:05.30Z,28.2165542,-82.1496089,455.089,26.53,-1.33,14.95,0.960,1.557,0.27,357.13517,0.65601,3,16
2023-03-09T22:42:05.40Z,28.2165783,-82.1496103,453.587,26.71,-1.41,14.87,0.960,1.556,0.27,356.96835,0.60919,3,16
2023-03-09T22:42:05.50Z,28.2166025,-82.1496119,452.070,26.73,-1.62,14.78,0.959,1.556,0.27,356.53341,0.63094,3,16
2023-03-09T22:42:05.60Z,28.2166267,-82.1496135,450.598,26.81,-1.58,14.60,0.959,1.556,0.27,356.63122,0.61678,3,16
2023-03-09T22:42:05.70Z,28.2166510,-82.1496151,449.111,26.85,-1.55,14.45,0.959,1.556,0.27,356.69652,0.61382,3,16
2023-03-09T22:42:05.80Z,28.2166752,-82.1496168,447.672,26.82,-1.68,14.47,0.959,1.555,0.27,356.41754,0.61012,3,16
2023-03-09T22:42:05.90Z,28.2166994,-82.1496184,446.238,26.79,-1.60,14.20,0.958,1.555,0.27,356.58660,0.62660,3,16
2023-03-09T22:42:06.00Z,28.2167236,-82.1496200,444.818,26.73,-1.48,14.01,0.958,1.555,0.26,356.82480,0.57876,3,16
2023-03-09T22:42:06.10Z,28.2167477,-82.1496215,443.409,26.67,-1.56,13.89,0.958,1.555,0.26,356.64229,0.57514,3,16
2023-03-09T22:42:06.20Z,28.2167717,-82.1496231,442.029,26.70,-1.54,13.75,0.957,1.554,0.26,356.70615,0.51295,3,16
2023-03-09T22:42:06.30Z,28.2167958,-82.1496247,440.651,26.68,-1.61,13.59,0.957,1.554,0.25,356.55136,0.50320,3,16
2023-03-09T22:42:06.40Z,28.2168199,-82.1496263,439.286,26.64,-1.49,13.43,0.956,1.553,0.25,356.78884,0.50329,3,16
2023-03-09T22:42:06.50Z,28.2168440,-82.1496277,437.938,26.59,-1.30,13.29,0.956,1.553,0.25,357.19620,0.50640,3,16
2023-03-09T22:42:06.60Z,28.2168679,-82.1496290,436.604,26.51,-1.30,13.30,0.955,1.552,0.25,357.19841,0.50525,3,16
2023-03-09T22:42:06.70Z,28.2168918,-82.1496303,435.265,26.40,-1.23,13.10,0.954,1.551,0.25,357.33757,0.50465,3,16
2023-03-09T22:42:06.80Z,28.2169157,-82.1496314,433.935,26.36,-1.09,13.02,0.954,1.551,0.25,357.63988,0.50514,3,16
2023-03-09T22:42:06.90Z,28.2169395,-82.1496325,432.613,26.38,-1.02,12.96,0.953,1.550,0.25,357.77758,0.49828,3,16
2023-03-09T22:42:07.00Z,28.2169633,-82.1496336,431.303,26.34,-0.96,12.89,0.952,1.549,0.25,357.91100,0.49952,3,16
2023-03-09T22:42:07.10Z,28.2169871,-82.1496345,429.982,26.22,-0.84,12.83,0.951,1.548,0.25,358.16769,0.50374,3,16
2023-03-09T22:42:07.20Z,28.2170108,-82.1496354,428.691,26.23,-0.81,12.75,0.951,1.547,0.25,358.24061,0.50471,3,16
2023-03-09T22:42:07.30Z,28.2170345,-82.1496362,427.404,26.23,-0.76,12.66,0.950,1.546,0.25,358.34445,0.50478,3,16
2023-03-09T22:42:07.40Z,28.2170581,-82.1496369,426.130,26.12,-0.58,12.49,0.949,1.545,0.25,358.72174,0.51925,3,16
2023-03-09T22:42:07.50Z,28.2170816,-82.1496373,424.878,26.04,-0.39,12.57,0.949,1.544,0.25,359.14352,0.51878,3,16
2023-03-09T22:42:07.60Z,28.2171051,-82.1496377,423.618,25.90,-0.31,12.49,0.948,1.543,0.25,359.31515,0.52163,3,16
2023-03-09T22:42:07.70Z,28.2171285,-82.1496379,422.358,25.96,-0.23,12.45,0.947,1.542,0.25,359.49979,0.51180,3,16
2023-03-09T22:42:07.80Z,28.2171519,-82.1496381,421.120,25.89,-0.10,12.35,0.947,1.541,0.24,359.78009,0.50521,3,16
2023-03-09T22:42:07.90Z,28.2171752,-82.1496382,419.880,25.81,-0.11,12.20,0.946,1.539,0.24,359.76520,0.49580,3,16
2023-03-09T22:42:08.00Z,28.2171985,-82.1496382,418.658,25.78,0.06,12.19,0.945,1.538,0.24,0.12386,0.49913,3,16
2023-03-09T22:42:08.10Z,28.2172218,-82.1496380,417.447,25.85,0.20,12.19,0.944,1.537,0.24,0.43400,0.51865,3,16
2023-03-09T22:42:08.20Z,28.2172450,-82.1496377,416.213,25.50,0.39,12.04,0.944,1.536,0.24,0.87307,0.52184,3,16
2023-03-09T22:42:08.30Z,28.2172679,-82.1496374,415.051,25.37,0.34,11.31,0.943,1.536,0.25,0.77676,0.59672,3,16,1
2023-03-09T22:42:08.40Z,28.2172907,-82.1496369,413.958,25.22,0.51,10.89,0.943,1.536,0.25,1.15845,0.58507,3,16
2023-03-09T22:42:08.50Z,28.2173134,-82.1496362,412.919,25.10,0.69,10.18,0.942,1.536,0.25,1.58178,0.63449,3,16
2023-03-09T22:42:08.60Z,28.2173362,-82.1496353,411.948,25.31,1.08,9.33,0.942,1.536,0.25,2.44887,0.64067,3,16
2023-03-09T22:42:08.70Z,28.2173590,-82.1496339,411.104,25.05,1.39,8.17,0.942,1.537,0.25,3.17420,0.65712,3,16
2023-03-09T22:42:08.80Z,28.2173814,-82.1496324,410.377,24.59,1.51,7.11,0.942,1.538,0.25,3.50799,0.67243,3,16
2023-03-09T22:42:08.90Z,28.2174035,-82.1496308,409.732,24.44,1.49,6.24,0.941,1.539,0.24,3.48609,0.65593,3,16
2023-03-09T22:42:09.00Z,28.2174254,-82.1496294,409.187,24.16,1.32,5.42,0.941,1.540,0.24,3.13791,0.65272,3,16
2023-03-09T22:42:09.10Z,28.2174470,-82.1496279,408.752,23.82,1.54,4.25,0.940,1.541,0.23,3.70827,0.65781,3,16
2023-03-09T22:42:09.20Z,28.2174682,-82.1496262,408.406,23.22,1.60,3.30,0.939,1.542,0.20,3.93907,0.65009,3,16
2023-03-09T22:42:09.30Z,28.2174889,-82.1496245,408.167,22.53,1.72,2.21,0.939,1.543,0.20,4.36575,0.66780,3,16
2023-03-09T22:42:09.40Z,28.2175090,-82.1496226,408.025,22.01,1.95,1.39,0.938,1.545,0.20,5.06950,0.70365,3,16
2023-03-09T22:42:09.50Z,28.2175285,-82.1496205,407.944,21.42,1.98,0.67,0.937,1.547,0.19,5.27608,0.73210,3,16
2023-03-09T22:42:09.60Z,28.2175475,-82.1496186,407.935,20.74,1.82,-0.08,0.937,1.548,0.19,5.00854,0.76048,3,16
2023-03-09T22:42:09.70Z,28.2175659,-82.1496167,408.026,19.97,1.83,-0.69,0.936,1.551,0.19,5.22113,0.78940,3,16
2023-03-09T22:42:09.80Z,28.2175835,-82.1496148,408.140,19.25,1.81,-1.37,0.936,1.553,0.20,5.38445,0.81604,3,16
2023-03-09T22:42:09.90Z,28.2176005,-82.1496129,408.337,18.37,1.83,-1.78,0.935,1.556,0.20,5.69348,0.85264,3,16
2023-03-09T22:42:10.00Z,28.2176167,-82.1496110,408.546,17.63,1.93,-2.20,0.935,1.558,0.21,6.23902,0.91885,3,16
2023-03-09T22:42:10.10Z,28.2176323,-82.1496091,408.814,16.87,1.89,-2.50,0.934,1.562,0.23,6.38395,0.98077,3,16
2023-03-09T22:42:10.20Z,28.2176471,-82.1496072,409.107,16.14,1.82,-2.72,0.934,1.565,0.24,6.42833,1.02113,3,16
2023-03-09T22:42:10.30Z,28.2176614,-82.1496054,409.399,15.39,1.92,-2.88,0.934,1.569,0.25,7.09587,1.07334,3,16
2023-03-09T22:42:10.40Z,28.2176749,-82.1496035,409.706,14.61,1.82,-2.95,0.934,1.573,0.25,7.09323,1.13024,3,16
2023-03-09T22:42:10.50Z,28.2176877,-82.1496017,410.027,13.85,1.88,-3.08,0.934,1.576,0.25,7.72818,1.15044,3,16
2023-03-09T22:42:10.60Z,28.2176999,-82.1495997,410.359,13.30,2.05,-3.11,0.933,1.581,0.26,8.74787,1.21317,3,16
2023-03-09T22:42:10.70Z,28.2177117,-82.1495976,410.655,12.81,2.12,-3.08,0.933,1.585,0.25,9.40342,1.26151,3,16
2023-03-09T22:42:10.80Z,28.2177230,-82.1495954,410.914,12.23,2.20,-2.95,0.933,1.589,0.25,10.20930,1.30752,3,16
2023-03-09T22:42:10.90Z,28.2177337,-82.1495932,411.190,11.63,2.12,-2.68,0.933,1.594,0.26,10.33324,1.40207,3,15
2023-03-09T22:42:11.00Z,28.2177440,-82.1495911,411.414,11.25,2.11,-2.34,0.933,1.599,0.25,10.61962,1.44698,3,15
2023-03-09T22:42:11.10Z,28.2177538,-82.1495889,411.633,10.67,2.14,-2.12,0.933,1.604,0.25,11.34223,1.51274,3,15
2023-03-09T22:42:11.20Z,28.2177632,-82.1495868,411.788,10.26,2.19,-1.81,0.933,1.609,0.25,12.03234,1.56271,3,15
2023-03-09T22:42:11.30Z,28.2177722,-82.1495846,411.976,9.79,2.24,-1.42,0.933,1.613,0.24,12.86005,1.63726,3,16
2023-03-09T22:42:11.40Z,28.2177809,-82.1495825,412.066,9.60,2.24,-0.93,0.933,1.618,0.24,13.14913,1.64373,3,16
2023-03-09T22:42:11.50Z,28.2177894,-82.1495803,412.130,9.56,2.23,-0.45,0.933,1.622,0.24,13.14874,1.61603,3,16
2023-03-09T22:42:11.60Z,28.2177978,-82.1495782,412.140,9.35,2.27,0.10,0.932,1.627,0.24,13.67085,1.69573,3,16
2023-03-09T22:42:11.70Z,28.2178060,-82.1495761,412.109,9.25,2.15,0.86,0.933,1.633,0.23,13.08317,1.71381,3,16
2023-03-09T22:42:11.80Z,28.2178143,-82.1495739,411.946,9.32,2.17,1.61,0.933,1.640,0.24,13.12847,1.91503,3,15
2023-03-09T22:42:11.90Z,28.2178227,-82.1495717,411.600,9.30,2.18,2.51,0.934,1.646,0.25,13.19038,1.75307,3,15
2023-03-09T22:42:12.00Z,28.2178311,-82.1495697,411.254,9.37,2.04,3.21,0.934,1.652,0.26,12.28395,1.91157,3,15
2023-03-09T22:42:12.10Z,28.2178395,-82.1495675,410.824,9.38,2.37,3.99,0.935,1.658,0.31,14.16068,2.25103,3,15
2023-03-09T22:42:12.20Z,28.2178479,-82.1495653,410.292,9.43,2.28,4.90,0.936,1.661,0.27,13.57953,1.52948,3,16
2023-03-09T22:42:12.30Z,28.2178564,-82.1495632,409.668,9.37,2.21,5.73,0.936,1.663,0.28,13.24824,1.50850,3,16
2023-03-09T22:42:12.40Z,28.2178648,-82.1495611,409.013,9.50,2.25,6.48,0.935,1.665,0.28,13.30567,1.58191,3,16
2023-03-09T22:42:12.50Z,28.2178733,-82.1495590,408.269,9.46,2.21,7.25,0.936,1.665,0.29,13.16607,1.59608,3,16
2023-03-09T22:42:12.60Z,28.2178818,-82.1495568,407.429,9.52,2.26,8.13,0.936,1.665,0.30,13.34411,1.62094,3,16
2023-03-09T22:42:12.70Z,28.2178904,-82.1495546,406.540,9.46,2.23,8.83,0.936,1.666,0.31,13.28810,1.66148,3,15
2023-03-09T22:42:12.80Z,28.2178989,-82.1495525,405.586,9.42,2.17,9.55,0.936,1.666,0.30,12.95249,1.66030,3,15
2023-03-09T22:42:12.90Z,28.2179073,-82.1495502,404.552,9.33,2.49,10.37,0.936,1.666,0.29,14.93496,1.37219,3,15
2023-03-09T22:42:13.00Z,28.2179156,-82.1495478,403.468,9.25,2.35,11.03,0.936,1.666,0.29,14.27142,1.29802,3,15
2023-03-09T22:42:13.10Z,28.2179240,-82.1495456,402.285,9.28,2.06,11.72,0.936,1.665,0.29,12.50222,1.35071,3,15
2023-03-09T22:42:13.20Z,28.2179324,-82.1495435,401.086,9.33,2.21,12.33,0.935,1.665,0.29,13.30402,1.38528,3,15
2023-03-09T22:42:13.30Z,28.2179409,-82.1495412,399.799,9.28,2.29,13.10,0.935,1.665,0.30,13.84617,1.42013,3,15
2023-03-09T22:42:13.40Z,28.2179493,-82.1495389,398.462,9.47,2.38,13.83,0.935,1.665,0.30,14.08216,1.39070,3,15
2023-03-09T22:42:13.50Z,28.2179579,-82.1495365,397.054,9.49,2.39,14.48,0.934,1.664,0.30,14.12603,1.16324,3,15
2023-03-09T22:42:13.60Z,28.2179666,-82.1495340,395.573,9.70,2.49,15.10,0.934,1.664,0.29,14.39081,1.13375,3,15
2023-03-09T22:42:13.70Z,28.2179755,-82.1495314,394.023,9.89,2.55,15.71,0.933,1.663,0.29,14.46774,1.10951,3,15
2023-03-09T22:42:13.80Z,28.2179846,-82.1495287,392.402,10.08,2.72,16.26,0.933,1.662,0.29,15.09322,1.11677,3,15
2023-03-09T22:42:13.90Z,28.2179939,-82.1495258,390.745,10.31,2.86,16.82,0.932,1.662,0.29,15.51307,1.08917,3,15
2023-03-09T22:42:14.00Z,28.2180033,-82.1495229,389.052,10.58,2.88,17.42,0.931,1.660,0.29,15.25022,1.05613,3,16
2023-03-09T22:42:14.10Z,28.2180129,-82.1495200,387.276,10.79,2.99,17.92,0.931,1.659,0.29,15.48711,1.08158,3,16
2023-03-09T22:42:14.20Z,28.2180228,-82.1495169,385.456,10.95,3.08,18.41,0.930,1.658,0.29,15.69947,1.06462,3,16
2023-03-09T22:42:14.30Z,28.2180329,-82.1495137,383.583,11.26,3.24,18.90,0.930,1.657,0.29,16.03573,1.03357,3,16
2023-03-09T22:42:14.40Z,28.2180431,-82.1495103,381.669,11.43,3.36,19.26,0.929,1.657,0.30,16.40041,1.03394,3,16
2023-03-09T22:42:14.50Z,28.2180536,-82.1495069,379.710,11.71,3.43,19.78,0.929,1.656,0.30,16.32146,1.00967,3,16
2023-03-09T22:42:14.60Z,28.2180643,-82.1495033,377.703,12.07,3.54,20.17,0.928,1.655,0.30,16.36112,0.99937,3,16
2023-03-09T22:42:14.70Z,28.2180754,-82.1494996,375.657,12.28,3.69,20.55,0.927,1.654,0.30,16.72550,0.97668,3,16
2023-03-09T22:42:14.80Z,28.2180866,-82.1494958,373.561,12.60,3.81,20.87,0.927,1.653,0.29,16.84118,0.94743,3,16
2023-03-09T22:42:14.90Z,28.2180981,-82.1494919,371.447,12.91,3.94,21.23,0.926,1.651,0.29,16.98509,0.92380,3,16
2023-03-09T22:42:15.00Z,28.2181100,-82.1494878,369.289,13.32,3.93,21.62,0.926,1.650,0.29,16.43302,0.89593,3,16
2023-03-09T22:42:15.10Z,28.2181222,-82.1494837,367.119,13.66,4.09,21.83,0.925,1.648,0.29,16.68765,0.87516,3,16
2023-03-09T22:42:15.20Z,28.2181347,-82.1494795,364.930,14.05,4.10,22.12,0.924,1.647,0.29,16.28054,0.87044,3,16
2023-03-09T22:42:15.30Z,28.2181476,-82.1494752,362.704,14.43,4.11,22.40,0.924,1.646,0.29,15.91393,0.85106,3,16
2023-03-09T22:42:15.40Z,28.2181608,-82.1494710,360.467,14.80,4.19,22.59,0.923,1.645,0.28,15.81469,0.82875,3,16
2023-03-09T22:42:15.50Z,28.2181743,-82.1494667,358.214,15.12,4.20,22.74,0.923,1.643,0.29,15.52800,0.86357,3,16
2023-03-09T22:42:15.60Z,28.2181882,-82.1494624,355.946,15.59,4.16,22.92,0.922,1.642,0.29,14.92694,0.84838,3,16
2023-03-09T22:42:15.70Z,28.2182025,-82.1494582,353.639,16.07,4.06,23.10,0.922,1.640,0.29,14.16887,0.81159,3,16
2023-03-09T22:42:15.80Z,28.2182172,-82.1494540,351.337,16.47,4.02,23.19,0.921,1.639,0.29,13.71611,0.80686,3,16
2023-03-09T22:42:15.90Z,28.2182323,-82.1494499,349.014,16.93,3.99,23.33,0.921,1.637,0.29,13.24206,0.78578,3,16
2023-03-09T22:42:16.00Z,28.2182478,-82.1494459,346.660,17.38,3.80,23.44,0.921,1.635,0.28,12.33514,0.75438,3,16
2023-03-09T22:42:16.10Z,28.2182637,-82.1494421,344.306,17.82,3.67,23.50,0.920,1.633,0.30,11.62442,0.81675,3,16
2023-03-09T22:42:16.20Z,28.2182801,-82.1494385,341.930,18.31,3.46,23.61,0.920,1.631,0.30,10.69160,0.79475,3,16
2023-03-09T22:42:16.30Z,28.2182968,-82.1494350,339.564,18.70,3.31,23.60,0.919,1.629,0.30,10.04553,0.76643,3,16
2023-03-09T22:42:16.40Z,28.2183139,-82.1494317,337.205,19.12,3.08,23.69,0.919,1.628,0.30,9.16194,0.74817,3,16
2023-03-09T22:42:16.50Z,28.2183313,-82.1494288,334.840,19.55,2.75,23.73,0.919,1.626,0.29,8.00248,0.69730,3,16
2023-03-09T22:42:16.60Z,28.2183492,-82.1494261,332.489,19.94,2.38,23.70,0.919,1.624,0.33,6.81957,0.75143,3,16
2023-03-09T22:42:16.70Z,28.2183674,-82.1494239,330.101,20.44,2.02,23.66,0.919,1.623,0.32,5.63907,0.69679,3,16
2023-03-09T22:42:16.80Z,28.2183862,-82.1494222,327.702,20.96,1.54,23.72,0.918,1.621,0.32,4.19090,0.66521,3,16
2023-03-09T22:42:16.90Z,28.2184053,-82.1494209,325.309,21.28,1.11,23.84,0.918,1.619,0.31,2.98244,0.64181,3,16
2023-03-09T22:42:17.00Z,28.2184246,-82.1494201,322.939,21.54,0.53,23.76,0.917,1.617,0.31,1.40074,0.63486,3,16
2023-03-09T22:42:17.10Z,28.2184442,-82.1494198,320.556,21.88,0.00,23.74,0.917,1.615,0.31,0.00976,0.62138,3,16
2023-03-09T22:42:17.20Z,28.2184641,-82.1494202,318.173,22.16,-0.69,23.81,0.916,1.613,0.31,358.20893,0.60653,3,16
2023-03-09T22:42:17.30Z,28.2184842,-82.1494214,315.784,22.36,-1.46,23.86,0.916,1.612,0.32,356.25872,0.59838,3,16
2023-03-09T22:42:17.40Z,28.2185045,-82.1494232,313.367,22.60,-2.00,23.93,0.915,1.610,0.32,354.94662,0.57908,3,16
2023-03-09T22:42:17.50Z,28.2185250,-82.1494257,310.947,22.72,-2.88,24.00,0.915,1.607,0.31,352.77533,0.51000,3,16
2023-03-09T22:42:17.60Z,28.2185456,-82.1494291,308.525,22.82,-3.62,24.04,0.914,1.605,0.30,350.97328,0.48082,3,16
2023-03-09T22:42:17.70Z,28.2185663,-82.1494333,306.108,22.92,-4.51,24.01,0.913,1.603,0.30,348.87323,0.50363,3,16
2023-03-09T22:42:17.80Z,28.2185870,-82.1494385,303.655,22.94,-5.48,24.15,0.912,1.601,0.30,346.56755,0.48953,3,16
2023-03-09T22:42:17.90Z,28.2186077,-82.1494447,301.195,22.80,-6.35,24.39,0.911,1.598,0.30,344.44783,0.47387,3,16
2023-03-09T22:42:18.00Z,28.2186282,-82.1494517,298.709,22.64,-7.30,24.54,0.910,1.596,0.29,342.12721,0.46318,3,16
2023-03-09T22:42:18.10Z,28.2186485,-82.1494597,296.232,22.35,-8.29,24.77,0.909,1.593,0.28,339.65423,0.46379,3,16
2023-03-09T22:42:18.20Z,28.2186686,-82.1494687,293.730,22.01,-9.24,25.03,0.908,1.591,0.28,337.21879,0.46031,3,16
2023-03-09T22:42:18.30Z,28.2186882,-82.1494787,291.213,21.55,-10.34,25.26,0.907,1.588,0.28,334.36675,0.45112,3,16
2023-03-09T22:42:18.40Z,28.2187074,-82.1494898,288.648,20.97,-11.27,25.60,0.906,1.586,0.28,331.73867,0.45195,3,16
2023-03-09T22:42:18.50Z,28.2187260,-82.1495020,286.041,20.28,-12.28,25.93,0.905,1.584,0.29,328.79887,0.47041,3,16
2023-03-09T22:42:18.60Z,28.2187440,-82.1495152,283.407,19.57,-13.30,26.38,0.904,1.581,0.31,325.79198,0.47645,3,16
2023-03-09T22:42:18.70Z,28.2187613,-82.1495293,280.733,18.61,-14.14,26.92,0.904,1.579,0.31,322.78027,0.45453,3,16
2023-03-09T22:42:18.80Z,28.2187776,-82.1495441,277.995,17.64,-14.83,27.30,0.903,1.577,0.31,319.95328,0.43510,3,16
2023-03-09T22:42:18.90Z,28.2187931,-82.1495597,275.220,16.59,-15.59,27.82,0.903,1.575,0.32,316.79631,0.44263,3,16
2023-03-09T22:42:19.00Z,28.2188076,-82.1495759,272.374,15.54,-16.21,28.39,0.902,1.573,0.32,313.79515,0.51069,3,16
2023-03-09T22:42:19.10Z,28.2188210,-82.1495927,269.480,14.34,-16.66,29.06,0.902,1.571,0.30,310.70647,0.53410,3,16
2023-03-09T22:42:19.20Z,28.2188334,-82.1496100,266.528,13.11,-17.12,29.56,0.901,1.570,0.29,307.42711,0.57517,3,16
2023-03-09T22:42:19.30Z,28.2188445,-82.1496277,263.530,11.77,-17.46,30.15,0.901,1.568,0.29,303.97696,0.60919,3,16
2023-03-09T22:42:19.40Z,28.2188545,-82.1496456,260.476,10.41,-17.64,30.78,0.901,1.567,0.28,300.53949,0.57743,3,16
2023-03-09T22:42:19.50Z,28.2188633,-82.1496637,257.357,9.14,-17.77,31.28,0.900,1.566,0.29,297.21914,0.60459,3,16
2023-03-09T22:42:19.60Z,28.2188709,-82.1496819,254.176,7.72,-17.81,31.90,0.900,1.565,0.29,293.42116,0.61564,3,16
2023-03-09T22:42:19.70Z,28.2188771,-82.1497001,250.932,6.25,-17.66,32.48,0.899,1.564,0.29,289.49154,0.63376,3,16
2023-03-09T22:42:19.80Z,28.2188822,-82.1497179,247.648,4.94,-17.32,32.86,0.899,1.564,0.31,285.92370,0.69318,3,16
2023-03-09T22:42:19.90Z,28.2188860,-82.1497354,244.298,3.67,-16.89,33.48,0.899,1.564,0.30,282.27354,0.68186,3,16
2023-03-09T22:42:20.00Z,28.2188888,-82.1497523,240.869,2.24,-16.25,34.04,0.898,1.563,0.31,277.84024,0.74929,3,16
2023-03-09T22:42:20.10Z,28.2188902,-82.1497686,237.407,0.96,-15.71,34.52,0.898,1.563,0.30,273.51395,0.77638,3,16
2023-03-09T22:42:20.20Z,28.2188905,-82.1497843,233.900,-0.34,-14.96,35.12,0.898,1.563,0.30,268.70542,0.80117,3,16
2023-03-09T22:42:20.30Z,28.2188897,-82.1497990,230.324,-1.40,-14.00,35.61,0.898,1.564,0.30,264.30359,0.84452,3,16
2023-03-09T22:42:20.40Z,28.2188881,-82.1498127,226.692,-2.38,-12.89,36.08,0.898,1.564,0.29,259.54784,0.87553,3,16
2023-03-09T22:42:20.50Z,28.2188856,-82.1498252,223.016,-3.33,-11.79,36.45,0.898,1.566,0.30,254.24764,0.95994,3,16
2023-03-09T22:42:20.60Z,28.2188823,-82.1498365,219.302,-4.20,-10.61,36.81,0.899,1.567,0.31,248.40663,1.06185,3,16
2023-03-09T22:42:20.70Z,28.2188784,-82.1498467,215.509,-4.84,-9.50,37.25,0.899,1.569,0.32,242.99182,1.19535,3,16
2023-03-09T22:42:20.80Z,28.2188737,-82.1498555,211.756,-5.50,-7.96,37.41,0.899,1.572,0.34,235.34964,1.40928,3,16
2023-03-09T22:42:20.90Z,28.2188686,-82.1498627,207.980,-5.94,-6.49,37.58,0.899,1.574,0.35,227.56028,1.64126,3,16
2023-03-09T22:42:21.00Z,28.2188630,-82.1498686,204.196,-6.39,-5.16,37.69,0.900,1.578,0.37,218.91102,1.81538,3,16
2023-03-09T22:42:21.10Z,28.2188571,-82.1498730,200.416,-6.70,-3.73,37.82,0.900,1.582,0.38,209.12345,2.15882,3,16
2023-03-09T22:42:21.20Z,28.2188507,-82.1498758,196.685,-7.03,-2.07,37.79,0.901,1.586,0.40,196.44958,2.38691,3,16
2023-03-09T22:42:21.30Z,28.2188443,-82.1498770,192.922,-7.01,-0.56,37.82,0.902,1.591,0.40,184.58450,2.49774,3,16
2023-03-09T22:42:21.40Z,28.2188382,-82.1498766,189.178,-6.37,0.97,37.84,0.903,1.595,0.41,171.31156,2.69107,3,16
2023-03-09T22:42:21.50Z,28.2188329,-82.1498750,185.423,-5.55,2.10,37.44,0.904,1.600,0.41,159.22636,2.86111,3,16
2023-03-09T22:42:21.60Z,28.2188282,-82.1498717,181.620,-5.13,3.96,37.81,0.905,1.604,0.42,142.33389,2.78888,3,16
2023-03-09T22:42:21.70Z,28.2188240,-82.1498671,177.835,-4.18,4.88,37.80,0.906,1.608,0.41,130.55976,2.62475,3,16
2023-03-09T22:42:21.80Z,28.2188210,-82.1498618,174.117,-2.45,5.38,37.64,0.907,1.611,0.39,114.52557,2.92314,3,16
2023-03-09T22:42:21.90Z,28.2188197,-82.1498564,170.322,-0.71,5.23,37.86,0.908,1.613,0.41,97.73119,3.54032,3,16
2023-03-09T22:42:22.00Z,28.2188197,-82.1498512,166.505,0.36,5.00,38.12,0.909,1.614,0.39,85.93181,4.48624,3,15
2023-03-09T22:42:22.10Z,28.2188206,-82.1498464,162.643,1.11,4.58,38.19,0.910,1.614,0.38,76.35040,4.78919,3,15
2023-03-09T22:42:22.20Z,28.2188221,-82.1498422,158.839,2.10,3.64,38.14,0.911,1.615,0.38,60.04088,5.32283,3,15
2023-03-09T22:42:22.30Z,28.2188247,-82.1498394,154.983,3.25,2.27,38.30,0.912,1.614,0.38,34.93738,5.51995,3,15
2023-03-09T22:42:22.40Z,28.2188283,-82.1498378,151.128,4.17,0.96,38.65,0.913,1.613,0.38,12.99537,4.29015,3,16,1
2023-03-09T22:42:22.50Z,28.2188325,-82.1498377,147.305,4.75,-0.50,38.73,0.914,1.612,0.37,354.00629,3.32250,3,16
2023-03-09T22:42:22.60Z,28.2188371,-82.1498394,143.381,5.18,-2.47,38.79,0.915,1.609,0.34,334.51666,2.09074,3,16
2023-03-09T22:42:22.70Z,28.2188419,-82.1498432,139.475,5.18,-4.60,38.88,0.915,1.606,0.32,318.34467,1.72867,3,16
2023-03-09T22:42:22.80Z,28.2188466,-82.1498488,135.618,5.07,-6.29,38.86,0.914,1.603,0.32,308.86350,1.56210,3,16
2023-03-09T22:42:22.90Z,28.2188513,-82.1498563,131.689,5.06,-8.09,38.88,0.914,1.600,0.31,302.00503,1.34473,3,16
2023-03-09T22:42:23.00Z,28.2188558,-82.1498656,127.766,4.83,-9.96,38.87,0.913,1.597,0.31,295.84955,1.25262,3,16
2023-03-09T22:42:23.10Z,28.2188599,-82.1498766,123.859,4.31,-11.55,38.74,0.913,1.594,0.31,290.46087,1.16571,3,16
2023-03-09T22:42:23.20Z,28.2188635,-82.1498891,120.002,3.73,-12.82,38.42,0.913,1.591,0.29,286.20502,0.94623,3,16
2023-03-09T22:42:23.30Z,28.2188668,-82.1499030,116.152,3.59,-14.25,38.09,0.912,1.588,0.29,284.13182,0.93790,3,16
2023-03-09T22:42:23.40Z,28.2188699,-82.1499183,112.344,3.34,-15.61,37.72,0.911,1.585,0.29,282.07119,0.94972,3,16
2023-03-09T22:42:23.50Z,28.2188728,-82.1499349,108.595,3.04,-16.85,37.30,0.911,1.583,0.29,280.23389,0.92464,3,16
2023-03-09T22:42:23.60Z,28.2188752,-82.1499527,104.907,2.44,-18.07,36.79,0.911,1.580,0.29,277.70232,0.85001,3,16
2023-03-09T22:42:23.70Z,28.2188772,-82.1499718,101.244,2.03,-19.35,36.27,0.911,1.577,0.28,276.00217,0.80521,3,16
2023-03-09T22:42:23.80Z,28.2188788,-82.1499922,97.617,1.68,-20.46,35.73,0.911,1.574,0.28,274.69335,0.76261,3,16
2023-03-09T22:42:23.90Z,28.2188801,-82.1500138,94.054,1.29,-21.72,35.20,0.911,1.571,0.28,273.41029,0.73137,3,16
2023-03-09T22:42:24.00Z,28.2188810,-82.1500366,90.540,0.98,-22.92,34.60,0.911,1.568,0.28,272.45217,0.70191,3,16
2023-03-09T22:42:24.10Z,28.2188816,-82.1500605,87.100,0.57,-23.93,33.94,0.911,1.566,0.28,271.36941,0.67688,3,16
2023-03-09T22:42:24.20Z,28.2188818,-82.1500854,83.740,0.22,-24.84,33.17,0.911,1.563,0.27,270.50845,0.57453,3,16
2023-03-09T22:42:24.30Z,28.2188819,-82.1501112,80.468,0.05,-25.88,32.36,0.910,1.560,0.27,270.10949,0.57236,3,16
2023-03-09T22:42:24.40Z,28.2188819,-82.1501380,77.261,-0.06,-26.74,31.75,0.911,1.558,0.28,269.87813,0.60942,3,16
2023-03-09T22:42:24.50Z,28.2188816,-82.1501658,74.141,-0.20,-27.71,30.86,0.911,1.557,0.29,269.59396,0.61830,3,16
2023-03-09T22:42:24.60Z,28.2188812,-82.1501944,71.101,-0.39,-28.40,30.07,0.911,1.555,0.29,269.22289,0.60793,3,16
2023-03-09T22:42:24.70Z,28.2188806,-82.1502240,68.131,-0.65,-29.46,29.29,0.912,1.554,0.29,268.74071,0.59914,3,16
2023-03-09T22:42:24.80Z,28.2188799,-82.1502543,65.262,-0.71,-30.14,28.25,0.913,1.553,0.30,268.65695,0.61008,3,16
2023-03-09T22:42:24.90Z,28.2188791,-82.1502854,62.538,-0.81,-30.90,27.07,0.914,1.552,0.30,268.50722,0.59672,3,16
2023-03-09T22:42:25.00Z,28.2188783,-82.1503173,59.901,-0.59,-31.73,26.00,0.914,1.551,0.30,268.93349,0.57885,3,16
2023-03-09T22:42:25.10Z,28.2188777,-82.1503498,57.413,-0.52,-32.44,24.75,0.915,1.549,0.30,269.08152,0.59998,3,16
2023-03-09T22:42:25.20Z,28.2188771,-82.1503831,55.026,-0.61,-33.06,23.62,0.917,1.548,0.31,268.93552,0.63460,3,16
2023-03-09T22:42:25.30Z,28.2188764,-82.1504170,52.764,-0.60,-33.64,22.36,0.918,1.547,0.31,268.98546,0.63646,3,16
2023-03-09T22:42:25.40Z,28.2188758,-82.1504514,50.605,-0.51,-34.04,21.33,0.920,1.546,0.34,269.14602,0.67722,3,16
2023-03-09T22:42:25.50Z,28.2188755,-82.1504862,48.560,-0.16,-34.45,20.29,0.921,1.545,0.42,269.72666,0.83030,3,16
2023-03-09T22:42:25.60Z,28.2188753,-82.1505212,46.634,-0.11,-34.78,19.18,0.923,1.544,0.49,269.81743,0.94763,3,15
2023-03-09T22:42:25.70Z,28.2188752,-82.1505567,44.790,0.01,-35.03,18.22,0.924,1.543,0.55,270.01198,1.02172,3,15
2023-03-09T22:42:25.80Z,28.2188749,-82.1505925,43.003,-0.05,-35.23,17.35,0.926,1.543,0.59,269.91691,1.11074,3,15
2023-03-09T22:42:25.90Z,28.2188745,-82.1506285,41.321,-0.26,-35.45,16.24,0.927,1.542,0.56,269.58460,1.05954,3,15
2023-03-09T22:42:26.00Z,28.2188740,-82.1506647,39.764,-0.22,-35.64,14.92,0.929,1.541,0.53,269.64372,0.98640,3,15
2023-03-09T22:42:26.10Z,28.2188736,-82.1507009,38.349,-0.37,-35.64,13.81,0.930,1.540,0.49,269.40202,0.91395,3,14
2023-03-09T22:42:26.20Z,28.2188731,-82.1507370,37.024,-0.31,-35.42,12.86,0.931,1.539,0.45,269.49866,0.84579,3,14
2023-03-09T22:42:26.30Z,28.2188726,-82.1507732,35.767,-0.24,-35.60,11.91,0.933,1.538,0.44,269.62138,0.81591,3,14
2023-03-09T22:42:26.40Z,28.2188723,-82.1508097,34.589,-0.02,-35.83,10.98,0.934,1.537,0.44,269.96300,0.82093,3,15
2023-03-09T22:42:26.50Z,28.2188720,-82.1508464,33.483,0.08,-35.72,10.11,0.936,1.535,0.47,270.12497,0.85786,3,15
2023-03-09T22:42:26.60Z,28.2188718,-82.1508830,32.417,0.14,-35.54,9.65,0.937,1.534,0.47,270.22314,1.00761,3,15
2023-03-09T22:42:26.70Z,28.2188714,-82.1509196,31.371,-0.14,-35.47,9.38,0.939,1.534,0.48,269.76988,1.07446,3,15
2023-03-09T22:42:26.80Z,28.2188707,-82.1509559,30.387,-0.36,-35.13,8.91,0.942,1.534,0.51,269.41057,1.29912,3,15
2023-03-09T22:42:26.90Z,28.2188694,-82.1509916,29.491,-1.05,-34.60,8.31,0.945,1.534,0.52,268.26406,1.33621,3,15
2023-03-09T22:42:27.00Z,28.2188677,-82.1510267,28.692,-1.75,-34.25,7.84,0.948,1.534,0.52,267.08134,1.31134,3,15
2023-03-09T22:42:27.10Z,28.2188660,-82.1510610,28.042,-1.73,-33.57,6.85,0.950,1.534,0.49,267.04289,1.25391,3,15
2023-03-09T22:42:27.20Z,28.2188646,-82.1510945,27.528,-1.52,-32.68,5.78,0.953,1.535,0.44,267.33754,1.16251,3,15
2023-03-09T22:42:27.30Z,28.2188635,-82.1511272,27.177,-1.36,-32.20,4.59,0.956,1.535,0.40,267.58604,1.07792,3,15
