time,lat,lon,hMSL,velN,velE,velD,hAcc,vAcc,sAcc,heading,cAcc,gpsFix,numSV
,(deg),(deg),(m),(m/s),(m/s),(m/s),(m),(m),(m/s),(deg),(deg),,
2023-02-04T22:07:40.00Z,29.768325342885987,-97.7710528683142,383.343,9.39,17.34,6.48,1.310,1.818,0.46,61.55739,1.04847,3,14
2023-02-04T22:07:40.10Z,29.768331125740133,-97.7710379833245,382.747,9.30,17.24,6.45,1.309,1.818,0.45,61.66026,1.05377,3,15
2023-02-04T22:07:40.20Z,29.76833670859429,-97.77102289833522,382.135,9.18,17.34,6.48,1.307,1.818,0.46,62.09789,1.04949,3,15
2023-02-04T22:07:40.30Z,29.768342291448505,-97.7710078133465,381.525,9.20,17.29,6.52,1.306,1.818,0.44,61.97838,1.03879,3,15
2023-02-04T22:07:40.40Z,29.768347874302663,-97.77099282835786,380.899,9.14,17.40,6.47,1.304,1.817,0.44,62.28588,1.03131,3,15
2023-02-04T22:07:40.50Z,29.76835335715691,-97.77097784336979,380.261,9.14,17.32,6.42,1.303,1.817,0.43,62.17139,1.11574,3,15
2023-02-04T22:07:40.60Z,29.768358840011047,-97.7709627583821,379.631,9.06,17.34,6.45,1.301,1.816,0.43,62.41630,1.11841,3,14
2023-02-04T22:07:40.70Z,29.76836432286524,-97.77094767339497,379.006,9.02,17.35,6.49,1.300,1.816,0.43,62.52602,1.11768,3,14
2023-02-04T22:07:40.80Z,29.76836980571943,-97.7709324884081,378.369,8.96,17.52,6.54,1.298,1.815,0.43,62.90547,1.10937,3,14
2023-02-04T22:07:40.90Z,29.768375288573623,-97.7709173034217,377.729,8.98,17.44,6.56,1.297,1.814,0.43,62.74428,1.08155,3,14
2023-02-04T22:07:41.00Z,29.768380771427815,-97.77090191843558,377.083,9.01,17.57,6.67,1.296,1.814,0.45,62.86852,1.07377,3,14
2023-02-04T22:07:41.10Z,29.768386254282007,-97.77088673344997,376.426,9.04,17.46,6.66,1.294,1.813,0.45,62.62171,1.05276,3,14
2023-02-04T22:07:41.20Z,29.768391737136085,-97.77087164846466,375.762,9.03,17.57,6.67,1.293,1.812,0.45,62.79976,1.04594,3,14
2023-02-04T22:07:41.30Z,29.768397219990277,-97.77085616347983,375.095,9.01,17.66,6.77,1.291,1.810,0.44,62.95804,1.03770,3,14
2023-02-04T22:07:41.40Z,29.76840270284447,-97.77084087849562,374.417,9.08,17.60,6.79,1.289,1.809,0.43,62.70493,1.04106,3,14
2023-02-04T22:07:41.50Z,29.768408285698683,-97.77082539351159,373.749,9.11,17.77,6.80,1.288,1.808,0.44,62.85204,1.03270,3,14
2023-02-04T22:07:41.60Z,29.76841386855284,-97.77080990852801,373.057,9.18,17.78,6.95,1.286,1.807,0.43,62.68137,1.02928,3,14
2023-02-04T22:07:41.70Z,29.768419451407055,-97.77079452354508,372.375,9.19,17.67,6.87,1.284,1.806,0.44,62.52763,1.04731,3,14
2023-02-04T22:07:41.80Z,29.768425134261236,-97.77077903856264,371.717,9.17,17.74,6.86,1.282,1.804,0.43,62.65465,1.03800,3,14
2023-02-04T22:07:41.90Z,29.768430817115416,-97.77076355358031,371.045,9.22,17.83,6.88,1.281,1.803,0.44,62.64614,1.02285,3,14
2023-02-04T22:07:42.00Z,29.768436499969596,-97.77074806859878,370.358,9.29,17.88,6.93,1.279,1.802,0.45,62.55669,1.01842,3,14
2023-02-04T22:07:42.10Z,29.768442182823776,-97.77073258361725,369.690,9.25,17.82,6.83,1.278,1.801,0.45,62.57559,1.01884,3,14
2023-02-04T22:07:42.20Z,29.76844796567798,-97.77071699863654,369.012,9.41,17.84,6.89,1.277,1.800,0.46,62.19873,1.02275,3,14
2023-02-04T22:07:42.30Z,29.76845374853218,-97.77070151365615,368.331,9.35,17.85,6.87,1.275,1.799,0.45,62.35171,1.02255,3,14
2023-02-04T22:07:42.40Z,29.768459531386384,-97.77068602867621,367.639,9.51,17.84,6.91,1.274,1.798,0.44,61.94014,1.02087,3,14
2023-02-04T22:07:42.50Z,29.768465514240575,-97.77067044369687,366.952,9.48,17.82,6.95,1.272,1.798,0.44,61.97117,1.02080,3,14
2023-02-04T22:07:42.60Z,29.768471397094686,-97.77065495871818,366.255,9.50,17.78,6.98,1.271,1.796,0.44,61.87956,1.02160,3,14
2023-02-04T22:07:42.70Z,29.768477379948877,-97.77063937373975,365.563,9.58,17.83,7.04,1.270,1.795,0.44,61.76541,1.01470,3,14
2023-02-04T22:07:42.80Z,29.768483362803067,-97.77062388876175,364.868,9.54,17.84,7.02,1.268,1.794,0.44,61.86269,1.01657,3,14
2023-02-04T22:07:42.90Z,29.768489345657258,-97.77060840378431,364.168,9.62,17.75,7.10,1.267,1.793,0.43,61.54378,1.02083,3,14
2023-02-04T22:07:43.00Z,29.76849542851147,-97.7705930188074,363.462,9.64,17.83,7.13,1.266,1.792,0.43,61.59166,0.97586,3,14
2023-02-04T22:07:43.10Z,29.768501511365628,-97.77057753383087,362.752,9.67,17.79,7.12,1.264,1.791,0.43,61.46113,0.97596,3,14
2023-02-04T22:07:43.20Z,29.76850759421984,-97.77056214885499,362.044,9.71,17.79,7.10,1.263,1.789,0.43,61.36055,0.97578,3,14
2023-02-04T22:07:43.30Z,29.76851377707402,-97.77054676387968,361.358,9.71,17.67,7.01,1.262,1.788,0.43,61.21573,0.98417,3,14
2023-02-04T22:07:43.40Z,29.7685199599282,-97.77053147890467,360.655,9.78,17.64,7.04,1.261,1.787,0.43,61.00824,0.98592,3,14
2023-02-04T22:07:43.50Z,29.768526142782378,-97.77051629393009,359.950,9.77,17.59,7.03,1.259,1.785,0.43,60.94852,0.98131,3,14
2023-02-04T22:07:43.60Z,29.768532325636613,-97.7705010089561,359.266,9.81,17.58,7.01,1.258,1.784,0.42,60.84777,0.98111,3,14
2023-02-04T22:07:43.70Z,29.768538608490758,-97.77048582398265,358.572,9.90,17.60,6.98,1.257,1.782,0.42,60.65370,0.97408,3,14
2023-02-04T22:07:43.80Z,29.76854489134496,-97.77047063900977,357.870,9.95,17.54,7.03,1.256,1.781,0.42,60.44848,0.98173,3,14
2023-02-04T22:07:43.90Z,29.76855117419916,-97.77045545403712,357.182,9.95,17.51,6.97,1.255,1.780,0.42,60.39198,0.98426,3,14
2023-02-04T22:07:44.00Z,29.768557557053327,-97.77044026906538,356.497,9.97,17.52,6.97,1.254,1.778,0.42,60.35840,0.98369,3,14
2023-02-04T22:07:44.10Z,29.768563939907438,-97.77042528409402,355.801,10.02,17.43,6.93,1.253,1.776,0.41,60.10631,0.98970,3,14
2023-02-04T22:07:44.20Z,29.768570322761605,-97.770410299123,355.123,10.03,17.39,6.83,1.252,1.775,0.42,60.02976,0.99301,3,14
2023-02-04T22:07:44.30Z,29.76857670561577,-97.7703951141525,354.452,10.03,17.47,6.85,1.251,1.774,0.42,60.13476,0.98791,3,14
2023-02-04T22:07:44.40Z,29.768583088469995,-97.77038012918251,353.775,10.07,17.39,6.81,1.250,1.773,0.42,59.91553,1.01822,3,14
2023-02-04T22:07:44.50Z,29.768589571324185,-97.77036524421305,353.117,10.18,17.32,6.69,1.249,1.772,0.41,59.55575,1.01654,3,14
2023-02-04T22:07:44.60Z,29.768596154178397,-97.7703502592442,352.458,10.17,17.40,6.71,1.248,1.770,0.41,59.69290,0.97988,3,14
2023-02-04T22:07:44.70Z,29.768602737032552,-97.77033527427602,351.806,10.20,17.34,6.69,1.247,1.769,0.41,59.53934,0.98973,3,14
2023-02-04T22:07:44.80Z,29.76860921988674,-97.77032038930804,351.157,10.21,17.40,6.58,1.246,1.768,0.41,59.59642,0.98653,3,14
2023-02-04T22:07:44.90Z,29.76861590274092,-97.77030540434089,350.541,10.26,17.28,6.48,1.245,1.767,0.41,59.29862,0.99271,3,14
2023-02-04T22:07:45.00Z,29.76862248559513,-97.77029041937408,349.907,10.22,17.31,6.49,1.244,1.765,0.41,59.43632,0.98958,3,14
2023-02-04T22:07:45.10Z,29.76862916844931,-97.77027553440792,349.280,10.26,17.36,6.41,1.243,1.764,0.40,59.41418,0.98765,3,14
2023-02-04T22:07:45.20Z,29.768635851303486,-97.77026054944213,348.656,10.31,17.25,6.40,1.242,1.763,0.41,59.14559,0.99485,3,14
2023-02-04T22:07:45.30Z,29.76864253415772,-97.77024566447699,348.018,10.30,17.26,6.48,1.241,1.761,0.41,59.17873,1.00188,3,14
2023-02-04T22:07:45.40Z,29.76864921701184,-97.77023077951219,347.375,10.29,17.21,6.53,1.240,1.760,0.41,59.12129,1.00519,3,14
2023-02-04T22:07:45.50Z,29.768655899866076,-97.77021599454804,346.730,10.30,17.22,6.50,1.239,1.759,0.41,59.12478,1.00651,3,14
2023-02-04T22:07:45.60Z,29.768662582720253,-97.77020110958438,346.098,10.33,17.28,6.53,1.239,1.758,0.42,59.13281,1.01392,3,14
2023-02-04T22:07:45.70Z,29.768669365574397,-97.77018612462132,345.453,10.36,17.27,6.59,1.238,1.756,0.42,59.03967,1.00779,3,14
2023-02-04T22:07:45.80Z,29.768676148428597,-97.77017133965887,344.800,10.42,17.12,6.56,1.237,1.755,0.42,58.68883,1.01490,3,14
2023-02-04T22:07:45.90Z,29.768683031282762,-97.770156554697,344.163,10.42,17.16,6.60,1.237,1.754,0.41,58.72290,1.01145,3,14
2023-02-04T22:07:46.00Z,29.768689814136962,-97.77014166973527,343.511,10.45,17.20,6.66,1.236,1.753,0.41,58.71090,1.00518,3,14
2023-02-04T22:07:46.10Z,29.768696696991185,-97.77012688477453,342.848,10.48,17.18,6.68,1.235,1.751,0.40,58.62147,1.00304,3,14
2023-02-04T22:07:46.20Z,29.768703679845373,-97.77011209981436,342.191,10.58,17.16,6.75,1.234,1.750,0.41,58.33607,0.96565,3,14
2023-02-04T22:07:46.30Z,29.76871056269954,-97.77009731485464,341.527,10.62,17.10,6.77,1.233,1.748,0.41,58.16748,0.96821,3,14
2023-02-04T22:07:46.40Z,29.76871764555375,-97.77008262989557,340.858,10.68,17.14,6.73,1.232,1.747,0.40,58.06293,0.96507,3,14
2023-02-04T22:07:46.50Z,29.768724728407904,-97.77006784493733,340.193,10.75,17.07,6.84,1.231,1.745,0.40,57.80440,0.96293,3,14
2023-02-04T22:07:46.60Z,29.768731811262114,-97.7700531599794,339.510,10.79,17.14,6.83,1.230,1.743,0.42,57.80086,0.99401,3,14
2023-02-04T22:07:46.70Z,29.76873899411629,-97.77003847502237,338.845,10.88,17.06,6.81,1.230,1.742,0.42,57.46739,0.99782,3,14
2023-02-04T22:07:46.80Z,29.768746176970467,-97.7700237900658,338.180,10.95,17.06,6.86,1.229,1.741,0.42,57.31277,0.99752,3,14
2023-02-04T22:07:46.90Z,29.76875355982463,-97.77000920511023,337.489,11.02,17.06,6.88,1.228,1.739,0.42,57.15124,0.99714,3,14
2023-02-04T22:07:47.00Z,29.768760842678773,-97.76999452015502,336.837,11.03,17.09,6.79,1.228,1.738,0.42,57.16082,0.99636,3,14
2023-02-04T22:07:47.10Z,29.768768325533017,-97.7699799352007,336.159,11.10,16.99,6.88,1.227,1.737,0.42,56.83806,1.00133,3,14
2023-02-04T22:07:47.20Z,29.768775808387147,-97.76996535024705,335.495,11.15,17.04,6.80,1.227,1.735,0.42,56.80381,0.97015,3,14
2023-02-04T22:07:47.30Z,29.768783291241334,-97.76995066529366,334.849,11.26,17.08,6.70,1.226,1.734,0.42,56.61520,0.97137,3,14
2023-02-04T22:07:47.40Z,29.768790874095487,-97.76993608034127,334.213,11.21,17.02,6.59,1.225,1.733,0.42,56.62067,0.97530,3,14
2023-02-04T22:07:47.50Z,29.76879855694972,-97.76992159538963,333.565,11.31,16.98,6.59,1.225,1.731,0.42,56.34497,0.97689,3,14
2023-02-04T22:07:47.60Z,29.768806239803894,-97.76990701043849,332.915,11.39,16.97,6.61,1.225,1.731,0.42,56.12813,1.01430,3,14
2023-02-04T22:07:47.70Z,29.76881392265807,-97.76989252548799,332.271,11.36,17.01,6.51,1.224,1.730,0.43,56.26585,1.05059,3,14
2023-02-04T22:07:47.80Z,29.768821605512244,-97.76987784053813,331.628,11.44,17.05,6.53,1.224,1.729,0.44,56.14843,1.06443,3,14
2023-02-04T22:07:47.90Z,29.7688293883665,-97.769863355589,330.982,11.50,16.97,6.56,1.225,1.729,0.44,55.88308,1.07098,3,14
2023-02-04T22:07:48.00Z,29.76883717122064,-97.76984877064035,330.340,11.51,17.00,6.51,1.225,1.728,0.44,55.89577,1.06941,3,14
2023-02-04T22:07:48.10Z,29.768844954074837,-97.76983428569224,329.692,11.50,16.98,6.58,1.225,1.728,0.44,55.89898,1.07557,3,14
2023-02-04T22:07:48.20Z,29.768852736929034,-97.76981970074485,329.043,11.56,17.00,6.55,1.225,1.727,0.44,55.78884,1.07822,3,14
2023-02-04T22:07:48.30Z,29.768860619783197,-97.76980521579821,328.404,11.56,17.07,6.48,1.226,1.727,0.44,55.90431,1.07193,3,14
2023-02-04T22:07:48.40Z,29.768868402637395,-97.76979063085173,327.785,11.59,17.00,6.39,1.226,1.726,0.44,55.72579,1.01592,3,14
2023-02-04T22:07:48.50Z,29.76887638549158,-97.76977604590661,327.165,11.69,17.03,6.33,1.226,1.725,0.42,55.54761,1.01155,3,14
2023-02-04T22:07:48.60Z,29.7688842683458,-97.7697614609616,326.552,11.67,17.11,6.27,1.226,1.724,0.42,55.71819,1.00656,3,14
2023-02-04T22:07:48.70Z,29.768892251199986,-97.76974677601766,325.963,11.69,17.03,6.18,1.226,1.723,0.42,55.53514,1.01116,3,14
2023-02-04T22:07:48.80Z,29.768900234054172,-97.76973229107398,325.350,11.71,16.94,6.19,1.226,1.721,0.42,55.35045,1.01703,3,14
2023-02-04T22:07:48.90Z,29.7689082169083,-97.76971780613098,324.727,11.75,16.88,6.21,1.226,1.721,0.42,55.17092,1.02318,3,14
2023-02-04T22:07:49.00Z,29.768916199762486,-97.76970342118852,324.122,11.73,16.89,6.18,1.226,1.720,0.43,55.21857,1.05723,3,14
2023-02-04T22:07:49.10Z,29.768924182616615,-97.7696891362466,323.511,11.74,16.77,6.12,1.226,1.719,0.42,55.01032,1.05464,3,15
2023-02-04T22:07:49.20Z,29.768932265470823,-97.7696745513058,322.901,11.83,16.90,6.24,1.226,1.718,0.43,54.99383,1.04198,3,15
2023-02-04T22:07:49.30Z,29.76894034832503,-97.76965996636534,322.299,11.81,17.08,6.19,1.227,1.718,0.42,55.34023,1.02914,3,15
2023-02-04T22:07:49.40Z,29.768948431179183,-97.76964538142556,321.709,11.86,16.93,6.12,1.227,1.717,0.41,54.99596,1.03511,3,15
2023-02-04T22:07:49.50Z,29.76895651403339,-97.76963099648628,321.102,11.88,16.90,6.08,1.227,1.716,0.41,54.90136,1.03019,3,15
2023-02-04T22:07:49.60Z,29.768964696887565,-97.76961661154792,320.520,11.91,16.88,5.87,1.227,1.714,0.41,54.79588,1.02895,3,15
2023-02-04T22:07:49.70Z,29.768972779741773,-97.76960222660978,319.933,11.88,16.72,5.88,1.227,1.713,0.40,54.61038,1.03573,3,15
2023-02-04T22:07:49.80Z,29.768980962595947,-97.76958804167248,319.336,11.94,16.73,5.91,1.227,1.712,0.40,54.47934,1.03527,3,15
2023-02-04T22:07:49.90Z,29.76898914545012,-97.76957385673586,318.768,11.93,16.70,5.68,1.227,1.711,0.40,54.45445,1.04147,3,15
2023-02-04T22:07:50.00Z,29.76899722830433,-97.7695594717992,318.221,11.93,16.82,5.63,1.227,1.710,0.41,54.64311,1.02631,3,15
2023-02-04T22:07:50.10Z,29.769005511158525,-97.7695451868642,317.655,12.04,16.77,5.55,1.227,1.709,0.40,54.32531,1.04320,3,15
2023-02-04T22:07:50.20Z,29.7690136940127,-97.76953080192902,317.104,12.03,16.70,5.52,1.227,1.708,0.40,54.22221,1.05029,3,15
2023-02-04T22:07:50.30Z,29.769021976866895,-97.76951651699517,316.552,11.98,16.74,5.52,1.227,1.708,0.41,54.40942,1.05061,3,15
2023-02-04T22:07:50.40Z,29.76903015972107,-97.76950233206139,316.005,12.00,16.64,5.49,1.227,1.707,0.41,54.19604,1.05532,3,15
2023-02-04T22:07:50.50Z,29.769038442575265,-97.76948804712833,315.456,12.02,16.74,5.44,1.227,1.707,0.41,54.32025,1.04925,3,15
2023-02-04T22:07:50.60Z,29.769046625429496,-97.76947386219558,314.915,12.08,16.78,5.34,1.228,1.706,0.40,54.25889,1.04206,3,15
2023-02-04T22:07:50.70Z,29.769055008283658,-97.7694596772642,314.395,12.15,16.60,5.17,1.227,1.705,0.39,53.79760,1.00900,3,15
2023-02-04T22:07:50.80Z,29.76906339113782,-97.76944569233365,313.910,12.29,16.53,4.88,1.227,1.704,0.38,53.37024,1.03604,3,15
2023-02-04T22:07:50.90Z,29.769071873992004,-97.76943190740371,313.454,12.38,16.32,4.53,1.227,1.704,0.39,52.83324,1.04973,3,15
2023-02-04T22:07:51.00Z,29.769080456846154,-97.76941812247492,313.024,12.38,16.14,4.33,1.227,1.703,0.39,52.51365,1.05616,3,15
2023-02-04T22:07:51.10Z,29.769089139700384,-97.76940463754704,312.595,12.70,15.93,4.24,1.228,1.704,0.40,51.44204,1.20246,3,15
2023-02-04T22:07:51.20Z,29.769098122554567,-97.76939135262103,312.170,12.94,15.64,4.24,1.229,1.704,0.40,50.39896,1.13837,3,15
2023-02-04T22:07:51.30Z,29.76910730540874,-97.76937826769631,311.751,13.06,15.43,4.23,1.229,1.705,0.40,49.75353,1.17039,3,15
2023-02-04T22:07:51.40Z,29.769116588262875,-97.76936538277278,311.333,13.33,15.28,4.19,1.230,1.706,0.39,48.89542,1.17400,3,15
2023-02-04T22:07:51.50Z,29.76912617111708,-97.76935279785096,310.910,13.58,14.89,4.26,1.231,1.707,0.39,47.64865,1.16275,3,15
2023-02-04T22:07:51.60Z,29.769136053971238,-97.76934041293111,310.459,13.97,14.66,4.40,1.231,1.708,0.39,46.37332,1.15964,3,15
2023-02-04T22:07:51.70Z,29.76914613682544,-97.76932842801261,310.020,14.24,14.27,4.34,1.231,1.708,0.37,45.06743,1.05419,3,15
2023-02-04T22:07:51.80Z,29.76915661967962,-97.76931684309648,309.550,14.75,13.77,4.45,1.231,1.708,0.36,43.04248,1.05392,3,15
2023-02-04T22:07:51.90Z,29.76916740253381,-97.7693057581821,309.085,15.12,13.33,4.50,1.230,1.708,0.36,41.39377,1.05774,3,15
2023-02-04T22:07:52.00Z,29.769178585388033,-97.7692951732705,308.601,15.44,12.69,4.64,1.230,1.708,0.35,39.42850,1.07639,3,15
2023-02-04T22:07:52.10Z,29.76919006824221,-97.76928518836064,308.079,15.82,12.20,4.82,1.229,1.709,0.35,37.63437,1.08010,3,15
2023-02-04T22:07:52.20Z,29.769201751096375,-97.76927570345265,307.536,16.05,11.54,5.09,1.229,1.709,0.34,35.72956,1.10402,3,14
2023-02-04T22:07:52.30Z,29.769213633950585,-97.76926671854574,306.968,16.27,11.22,5.42,1.228,1.709,0.34,34.60082,1.10630,3,14
2023-02-04T22:07:52.40Z,29.76922581680475,-97.76925833364123,306.394,16.57,10.63,5.65,1.227,1.709,0.34,32.67741,1.11196,3,14
2023-02-04T22:07:52.50Z,29.769238199658957,-97.76925054873834,305.763,16.91,10.06,5.89,1.227,1.709,0.34,30.75576,1.11125,3,14
2023-02-04T22:07:52.60Z,29.769250882513177,-97.76924326383755,305.099,17.13,9.62,6.31,1.226,1.709,0.34,29.31882,1.10894,3,14
2023-02-04T22:07:52.70Z,29.76926386536735,-97.76923647893898,304.437,17.38,9.11,6.50,1.225,1.709,0.34,27.66804,1.10154,3,14
2023-02-04T22:07:52.80Z,29.76927704822151,-97.76923039404198,303.722,17.73,8.52,6.80,1.224,1.708,0.33,25.67138,1.08242,3,14
2023-02-04T22:07:52.90Z,29.76929053107574,-97.76922470914724,303.002,17.95,8.06,7.08,1.223,1.708,0.33,24.18444,1.08536,3,14
2023-02-04T22:07:53.00Z,29.769304213929843,-97.7692197242543,302.247,18.19,7.61,7.29,1.221,1.706,0.33,22.70900,0.91810,3,15
2023-02-04T22:07:53.10Z,29.76931819678407,-97.76921523936369,301.479,18.46,6.96,7.44,1.219,1.705,0.33,20.65394,0.91351,3,15
2023-02-04T22:07:53.20Z,29.769332179638297,-97.76921145447409,300.686,18.63,6.53,7.48,1.217,1.703,0.33,19.32903,0.96744,3,15
2023-02-04T22:07:53.30Z,29.769346562492387,-97.769207969587,299.917,18.97,6.02,7.46,1.215,1.702,0.34,17.59320,1.08228,3,15
2023-02-04T22:07:53.40Z,29.76936114534658,-97.76920498470201,299.124,19.28,5.55,7.52,1.214,1.701,0.34,16.05112,1.07428,3,15
2023-02-04T22:07:53.50Z,29.769376028200725,-97.76920229981909,298.353,19.47,5.16,7.54,1.212,1.700,0.34,14.85027,1.05582,3,15
2023-02-04T22:07:53.60Z,29.769391111054915,-97.76920021493822,297.578,19.64,4.61,7.59,1.210,1.698,0.37,13.21783,1.02863,3,15
2023-02-04T22:07:53.70Z,29.769406193909106,-97.76919863005821,296.775,19.78,4.25,7.67,1.209,1.696,0.35,12.11498,1.00907,3,15
2023-02-04T22:07:53.80Z,29.769421576763307,-97.76919734518071,295.993,19.98,3.84,7.66,1.207,1.695,0.35,10.88889,1.00363,3,15
2023-02-04T22:07:53.90Z,29.769436859617485,-97.76919656030373,295.185,20.07,3.48,7.59,1.205,1.693,0.36,9.84371,1.04935,3,15
2023-02-04T22:07:54.00Z,29.769452442471675,-97.76919597542906,294.394,20.20,3.39,7.62,1.204,1.692,0.37,9.51189,1.05494,3,15
2023-02-04T22:07:54.10Z,29.769468025325864,-97.76919559055546,293.631,20.36,3.06,7.58,1.203,1.691,0.39,8.55668,1.09363,3,13
2023-02-04T22:07:54.20Z,29.769483808180098,-97.76919560568388,292.851,20.50,2.89,7.54,1.202,1.689,0.38,8.03274,1.02044,3,14
2023-02-04T22:07:54.30Z,29.769499791034264,-97.76919582081428,292.143,20.57,2.57,7.22,1.201,1.688,0.38,7.12494,1.02462,3,14
2023-02-04T22:07:54.40Z,29.76951577388843,-97.76919623594586,291.402,20.87,2.52,7.15,1.200,1.686,0.40,6.87794,1.01180,3,14
2023-02-04T22:07:54.50Z,29.769531956742583,-97.76919685107941,290.663,20.91,2.25,6.99,1.199,1.686,0.42,6.14367,1.03712,3,13
2023-02-04T22:07:54.60Z,29.76954813959685,-97.76919766621381,289.957,20.98,2.03,6.73,1.198,1.686,0.42,5.52306,1.03352,3,13
2023-02-04T22:07:54.70Z,29.76956452245099,-97.76919868135042,289.295,21.11,1.76,6.36,1.197,1.685,0.42,4.76744,1.03863,3,13
2023-02-04T22:07:54.80Z,29.769580905305133,-97.76919999648806,288.694,21.39,1.67,6.04,1.198,1.685,0.46,4.46548,1.15471,3,14
2023-02-04T22:07:54.90Z,29.769597388159355,-97.76920151162722,288.071,21.47,1.39,5.86,1.199,1.686,0.47,3.70138,1.25014,3,14
2023-02-04T22:07:55.00Z,29.76961387101352,-97.76920332676741,287.502,21.23,1.10,5.59,1.199,1.684,0.39,2.97154,0.93304,3,14
2023-02-04T22:07:55.10Z,29.76963035386774,-97.76920534190856,286.995,21.18,0.77,5.26,1.197,1.681,0.38,2.08211,0.82334,3,14
2023-02-04T22:07:55.20Z,29.769646736721825,-97.76920765705063,286.519,21.00,0.50,4.98,1.196,1.678,0.38,1.35938,0.83211,3,14
2023-02-04T22:07:55.30Z,29.769663019576114,-97.76921027219282,285.977,21.01,0.26,4.93,1.194,1.676,0.38,0.70364,0.84237,3,13
2023-02-04T22:07:55.40Z,29.769679202430325,-97.76921328733579,285.500,20.87,-0.05,4.79,1.192,1.673,0.34,359.86146,0.78605,3,14
2023-02-04T22:07:55.50Z,29.76969538528442,-97.76921670247998,285.044,20.68,-0.33,4.56,1.190,1.670,0.36,359.08044,0.80565,3,14
2023-02-04T22:07:55.60Z,29.76971126813868,-97.76922031762342,284.610,20.59,-0.76,4.26,1.188,1.667,0.36,357.89811,0.79187,3,14
2023-02-04T22:07:55.70Z,29.76972715099282,-97.76922433276786,284.178,20.42,-1.25,4.15,1.185,1.663,0.36,356.49497,0.79261,3,14
2023-02-04T22:07:55.80Z,29.769742833846976,-97.7692287479124,283.792,20.09,-1.35,4.15,1.183,1.660,0.35,356.15492,0.77836,3,14
2023-02-04T22:07:55.90Z,29.769758316701143,-97.76923346305693,283.363,20.13,-2.01,4.22,1.180,1.656,0.35,354.28926,0.69015,3,14
2023-02-04T22:07:56.00Z,29.769773899555332,-97.76923857820293,282.971,19.76,-2.06,4.26,1.177,1.653,0.36,354.05942,0.79304,3,14
2023-02-04T22:07:56.10Z,29.76978918240951,-97.76924369334859,282.579,19.63,-2.28,4.15,1.175,1.649,0.34,353.38684,0.77040,3,14
2023-02-04T22:07:56.20Z,29.7698042652637,-97.76924920849399,282.157,19.70,-2.85,4.25,1.172,1.646,0.34,351.77693,0.72376,3,14
2023-02-04T22:07:56.30Z,29.769819448117858,-97.76925512364073,281.745,19.42,-2.83,4.35,1.170,1.643,0.34,351.69951,0.75131,3,14
2023-02-04T22:07:56.40Z,29.769834430972082,-97.76926113878767,281.309,19.41,-3.12,4.48,1.167,1.639,0.35,350.86822,0.74289,3,14
2023-02-04T22:07:56.50Z,29.769849313826285,-97.76926735393477,280.838,19.30,-3.38,4.67,1.164,1.636,0.35,350.06586,0.74098,3,14
2023-02-04T22:07:56.60Z,29.769864096680465,-97.7692739690824,280.385,19.17,-3.52,4.74,1.162,1.633,0.35,349.60092,0.75689,3,14
2023-02-04T22:07:56.70Z,29.769878879534645,-97.76928068423115,279.899,19.21,-3.60,4.88,1.159,1.631,0.36,349.37181,0.79198,3,13
2023-02-04T22:07:56.80Z,29.76989356238886,-97.76928739938012,279.387,19.13,-3.81,4.95,1.157,1.629,0.38,348.74313,0.79701,3,13
2023-02-04T22:07:56.90Z,29.76990814524305,-97.76929431452959,278.872,19.06,-3.96,5.01,1.155,1.627,0.39,348.25008,0.79501,3,13
2023-02-04T22:07:57.00Z,29.769922728097242,-97.76930152967998,278.370,18.96,-4.12,5.11,1.153,1.624,0.38,347.75071,0.78239,3,14
2023-02-04T22:07:57.10Z,29.76993721095141,-97.76930874483094,277.864,18.88,-4.21,5.15,1.152,1.622,0.38,347.43868,0.80725,3,14
2023-02-04T22:07:57.20Z,29.769951593805615,-97.76931605998197,277.310,18.90,-4.34,5.25,1.150,1.620,0.39,347.06308,0.81767,3,13
2023-02-04T22:07:57.30Z,29.769966076659784,-97.76932347513457,276.756,18.95,-4.72,5.39,1.149,1.618,0.38,346.02255,0.72626,3,13
2023-02-04T22:07:57.40Z,29.76998035951391,-97.76933109028698,276.198,18.80,-4.49,5.44,1.147,1.616,0.40,346.58491,0.82234,3,13
2023-02-04T22:07:57.50Z,29.769994842368078,-97.76933870544167,275.685,18.74,-4.48,5.52,1.146,1.614,0.40,346.54667,0.81578,3,14
2023-02-04T22:07:57.60Z,29.77000922522228,-97.76934642059655,275.153,18.77,-4.60,5.60,1.145,1.611,0.40,346.24433,0.81019,3,14
2023-02-04T22:07:57.70Z,29.770023708076508,-97.76935423575276,274.590,18.84,-4.62,5.70,1.144,1.611,0.45,346.22563,0.97913,3,13
2023-02-04T22:07:57.80Z,29.770038190930677,-97.76936205091033,273.990,18.95,-4.65,5.92,1.144,1.610,0.47,346.20250,0.98074,3,13
2023-02-04T22:07:57.90Z,29.770052673784846,-97.76936976606862,273.393,18.96,-4.59,6.03,1.145,1.609,0.47,346.39469,0.95713,3,14
2023-02-04T22:07:58.00Z,29.770067156639072,-97.7693775812279,272.789,18.90,-4.69,6.01,1.145,1.609,0.48,346.07659,0.98453,3,13
2023-02-04T22:07:58.10Z,29.77008163949324,-97.76938539638832,272.185,18.87,-4.61,6.00,1.145,1.608,0.48,346.28036,1.03255,3,13
2023-02-04T22:07:58.20Z,29.770096022347445,-97.76939321154896,271.610,18.84,-4.62,5.98,1.146,1.607,0.48,346.23211,1.01349,3,14
2023-02-04T22:07:58.30Z,29.770110505201615,-97.76940092671089,270.995,18.83,-4.54,6.08,1.147,1.607,0.49,346.44134,1.05902,3,13
2023-02-04T22:07:58.40Z,29.77012498805584,-97.76940864187407,270.382,19.06,-4.40,6.14,1.148,1.607,0.48,347.01512,1.01865,3,14
2023-02-04T22:07:58.50Z,29.770139670909998,-97.76941625703944,269.748,19.15,-4.61,6.23,1.148,1.607,0.49,346.47184,1.02223,3,13
2023-02-04T22:07:58.60Z,29.770154353764212,-97.76942377220576,269.140,19.09,-4.32,6.10,1.150,1.607,0.49,347.23802,1.11861,3,13
2023-02-04T22:07:58.70Z,29.770169036618313,-97.76943138737295,268.529,19.17,-4.40,6.20,1.151,1.606,0.50,347.06069,1.08983,3,14
2023-02-04T22:07:58.80Z,29.77018361947256,-97.76943870254047,267.896,19.11,-4.23,6.19,1.152,1.607,0.52,347.51825,1.18875,3,13
2023-02-04T22:07:58.90Z,29.770198302326662,-97.76944581770977,267.268,19.13,-4.03,6.21,1.154,1.607,0.52,348.10417,1.19549,3,13
2023-02-04T22:07:59.00Z,29.77021288518091,-97.76945293287929,266.613,19.12,-4.03,6.32,1.156,1.608,0.52,348.09610,1.20938,3,13
2023-02-04T22:07:59.10Z,29.770227568035068,-97.7694600480504,265.995,19.14,-3.98,6.38,1.157,1.608,0.53,348.26177,1.21091,3,14
2023-02-04T22:07:59.20Z,29.770242250889282,-97.76946716322232,265.376,19.14,-4.00,6.30,1.159,1.608,0.52,348.20768,1.09489,3,14
2023-02-04T22:07:59.30Z,29.770257033743405,-97.76947427839605,264.749,19.29,-3.87,6.40,1.161,1.608,0.52,348.64935,1.09210,3,14
2023-02-04T22:07:59.40Z,29.770271916597608,-97.76948139357125,264.148,19.37,-4.04,6.33,1.163,1.607,0.52,348.22421,1.09820,3,14
2023-02-04T22:07:59.50Z,29.77028679945181,-97.76948850874737,263.491,19.43,-4.08,6.33,1.165,1.607,0.52,348.12914,1.10660,3,13
2023-02-04T22:07:59.60Z,29.770301682305956,-97.76949562392474,262.842,19.33,-4.06,6.47,1.166,1.606,0.51,348.13858,1.06398,3,14
2023-02-04T22:07:59.70Z,29.770316565160158,-97.76950273910279,262.211,19.34,-4.01,6.47,1.168,1.605,0.50,348.28202,1.03270,3,14
2023-02-04T22:07:59.80Z,29.770331348014338,-97.76950975428133,261.540,19.35,-3.99,6.61,1.169,1.604,0.50,348.35532,1.03259,3,14
2023-02-04T22:07:59.90Z,29.770346130868575,-97.76951686946063,260.911,19.31,-3.97,6.59,1.171,1.604,0.51,348.37119,1.07819,3,14
2023-02-04T22:08:00.00Z,29.77036101372272,-97.76952408464183,260.266,19.34,-4.14,6.50,1.172,1.603,0.49,347.93122,0.97734,3,14
2023-02-04T22:08:00.10Z,29.770375896576923,-97.76953139982379,259.604,19.56,-4.34,6.49,1.173,1.602,0.47,347.48685,0.90985,3,14
2023-02-04T22:08:00.20Z,29.770390779431125,-97.76953871500689,259.011,19.33,-4.07,6.27,1.174,1.601,0.46,348.10059,0.93258,3,14
2023-02-04T22:08:00.30Z,29.770405562285305,-97.7695460301901,258.371,19.35,-4.35,6.31,1.175,1.600,0.46,347.33897,0.92706,3,14
2023-02-04T22:08:00.40Z,29.77042044513945,-97.76955354537506,257.758,19.28,-4.35,6.32,1.176,1.599,0.45,347.28258,0.90621,3,14
2023-02-04T22:08:00.50Z,29.77043522799363,-97.76956116056044,257.119,19.18,-4.50,6.35,1.177,1.598,0.45,346.78999,0.90403,3,13
2023-02-04T22:08:00.60Z,29.770449910847844,-97.76956887574579,256.459,19.27,-4.56,6.42,1.177,1.598,0.45,346.69468,0.87277,3,13
2023-02-04T22:08:00.70Z,29.77046479370199,-97.76957659093364,255.814,19.27,-4.69,6.41,1.178,1.597,0.45,346.32286,0.86941,3,13
2023-02-04T22:08:00.80Z,29.770479476556204,-97.76958450612119,255.178,19.20,-4.84,6.25,1.178,1.596,0.45,345.85761,0.86852,3,13
2023-02-04T22:08:00.90Z,29.770494059410396,-97.76959252130905,254.529,19.26,-5.03,6.25,1.179,1.595,0.43,345.35705,0.79570,3,12
2023-02-04T22:08:01.00Z,29.770508642264588,-97.76960063649767,253.883,19.10,-5.04,6.25,1.179,1.593,0.43,345.20825,0.78352,3,12
2023-02-04T22:08:01.10Z,29.77052322511878,-97.76960885168728,253.285,18.91,-5.17,6.18,1.179,1.592,0.44,344.72075,0.81914,3,12
2023-02-04T22:08:01.20Z,29.77053770797295,-97.76961706687746,252.662,18.84,-5.07,6.25,1.179,1.591,0.44,344.93706,0.82745,3,12
2023-02-04T22:08:01.30Z,29.770552090827152,-97.76962528206764,252.039,18.64,-5.13,6.33,1.180,1.590,0.44,344.62431,0.83052,3,12
2023-02-04T22:08:01.40Z,29.770566373681334,-97.76963359725823,251.424,18.62,-5.27,6.39,1.180,1.589,0.44,344.21275,0.83023,3,13
2023-02-04T22:08:01.50Z,29.77058055653555,-97.76964201244891,250.786,18.52,-5.34,6.47,1.181,1.588,0.43,343.93170,0.79203,3,13
2023-02-04T22:08:01.60Z,29.77059453938972,-97.76965062763907,250.148,18.42,-5.51,6.52,1.181,1.588,0.45,343.34582,0.86210,3,13
2023-02-04T22:08:01.70Z,29.770608522243833,-97.76965934283021,249.500,18.35,-5.67,6.47,1.182,1.588,0.45,342.83754,0.87660,3,12
2023-02-04T22:08:01.80Z,29.770622405098038,-97.76966825802174,248.840,18.27,-5.81,6.44,1.183,1.588,0.45,342.34756,0.86387,3,12
2023-02-04T22:08:01.90Z,29.770636187952277,-97.76967737321343,248.196,18.14,-5.89,6.42,1.183,1.588,0.44,342.02663,0.83740,3,12
2023-02-04T22:08:02.00Z,29.770649770806415,-97.76968648840443,247.561,18.03,-5.94,6.38,1.183,1.587,0.41,341.75797,0.74517,3,13
2023-02-04T22:08:02.10Z,29.77066335366061,-97.76969570359643,246.909,18.02,-6.10,6.52,1.184,1.586,0.41,341.29970,0.74275,3,13
2023-02-04T22:08:02.20Z,29.770676936514803,-97.7697050187893,246.250,17.94,-6.20,6.52,1.184,1.585,0.43,340.92422,0.77339,3,12
2023-02-04T22:08:02.30Z,29.770690419368975,-97.76971443398236,245.574,17.90,-6.34,6.58,1.184,1.585,0.44,340.48172,0.80340,3,12
2023-02-04T22:08:02.40Z,29.77070400222317,-97.76972414917691,244.899,17.97,-6.55,6.58,1.184,1.584,0.42,339.98241,0.72650,3,13
2023-02-04T22:08:02.50Z,29.770717585077364,-97.76973386437248,244.244,17.93,-6.62,6.55,1.185,1.584,0.43,339.73325,0.72692,3,13
2023-02-04T22:08:02.60Z,29.770731167931558,-97.76974357956874,243.606,17.75,-6.50,6.41,1.185,1.584,0.46,339.87957,0.81392,3,13
2023-02-04T22:08:02.70Z,29.77074445078574,-97.76975329476386,242.954,17.51,-6.52,6.48,1.186,1.584,0.47,339.56864,0.82227,3,13
2023-02-04T22:08:02.80Z,29.770757733639925,-97.76976300995989,242.319,17.45,-6.66,6.45,1.187,1.583,0.47,339.12022,0.81557,3,13
2023-02-04T22:08:02.90Z,29.77077081649412,-97.76977292515517,241.673,17.38,-6.71,6.46,1.188,1.583,0.47,338.90181,0.81695,3,13
2023-02-04T22:08:03.00Z,29.770783799348294,-97.7697828403509,241.039,17.33,-6.81,6.30,1.188,1.583,0.47,338.55030,0.77964,3,13
2023-02-04T22:08:03.10Z,29.770796782202524,-97.76979295554725,240.425,17.17,-6.94,6.13,1.189,1.583,0.47,337.99075,0.78122,3,13
2023-02-04T22:08:03.20Z,29.770809265056698,-97.76980307074052,239.835,16.98,-6.96,6.06,1.189,1.582,0.46,337.71538,0.76361,3,14
2023-02-04T22:08:03.30Z,29.770821747910873,-97.76981338593498,239.233,16.86,-7.11,6.13,1.190,1.582,0.47,337.14733,0.76889,3,14
2023-02-04T22:08:03.40Z,29.77083403076506,-97.76982370112853,238.640,16.66,-7.19,6.09,1.190,1.581,0.46,336.64792,0.76631,3,14
2023-02-04T22:08:03.50Z,29.770846313619188,-97.76983421632303,238.058,16.37,-7.38,5.90,1.190,1.581,0.46,335.72400,0.78846,3,13
2023-02-04T22:08:03.60Z,29.770858296473364,-97.76984503151607,237.490,16.11,-7.72,5.66,1.191,1.580,0.45,334.38992,0.78680,3,13
2023-02-04T22:08:03.70Z,29.770870179327574,-97.76985594670907,236.931,15.86,-7.88,5.61,1.191,1.580,0.45,333.57052,0.78988,3,13
2023-02-04T22:08:03.80Z,29.77088166218175,-97.76986726189978,236.374,15.55,-8.23,5.52,1.191,1.580,0.44,332.11261,0.90073,3,13
2023-02-04T22:08:03.90Z,29.77089294503594,-97.7698788770897,235.841,15.20,-8.46,5.41,1.191,1.579,0.43,330.90697,0.86247,3,13
2023-02-04T22:08:04.00Z,29.77090372789013,-97.7698906922767,235.323,14.79,-8.73,5.34,1.191,1.578,0.42,329.43783,0.88124,3,14
2023-02-04T22:08:04.10Z,29.770914410744354,-97.76990290746335,234.827,14.40,-9.04,5.36,1.190,1.577,0.41,327.89736,0.87949,3,14
2023-02-04T22:08:04.20Z,29.770924493598557,-97.76991512264635,234.293,13.93,-9.21,5.40,1.189,1.577,0.40,326.51410,0.93485,3,13
2023-02-04T22:08:04.30Z,29.770934076452704,-97.76992783782589,233.747,13.37,-9.55,5.52,1.189,1.576,0.41,324.44452,0.95485,3,14
2023-02-04T22:08:04.40Z,29.77094315930691,-97.7699407530024,233.203,12.79,-9.74,5.56,1.188,1.575,0.42,322.70524,0.97705,3,14
2023-02-04T22:08:04.50Z,29.770951842161082,-97.7699539681762,232.636,12.17,-9.95,5.70,1.187,1.573,0.42,320.73281,1.00500,3,14
2023-02-04T22:08:04.60Z,29.77095992501529,-97.76996728334586,232.048,11.66,-10.18,5.88,1.187,1.572,0.42,318.88119,1.02660,3,14
2023-02-04T22:08:04.70Z,29.770967407869477,-97.76998079851137,231.431,10.98,-10.44,6.05,1.186,1.571,0.42,316.45135,1.09169,3,14
2023-02-04T22:08:04.80Z,29.7709742907237,-97.76999461367257,230.814,10.31,-10.54,6.25,1.186,1.569,0.42,314.38366,1.13178,3,14
2023-02-04T22:08:04.90Z,29.770980673577867,-97.77000852883043,230.183,9.62,-10.71,6.42,1.186,1.568,0.43,311.92246,1.19271,3,13
2023-02-04T22:08:05.00Z,29.77098645643207,-97.7700225439836,229.513,8.96,-10.77,6.69,1.186,1.567,0.43,309.77197,1.23407,3,13
2023-02-04T22:08:05.10Z,29.77099163928625,-97.7700367591325,228.834,8.38,-10.85,6.93,1.186,1.566,0.43,307.69427,1.35081,3,14
2023-02-04T22:08:05.20Z,29.770996322140434,-97.77005097427775,228.095,7.96,-11.18,7.24,1.186,1.566,0.44,305.44704,1.53972,3,13
2023-02-04T22:08:05.30Z,29.77100030499463,-97.77006558941753,227.278,7.39,-11.61,7.65,1.187,1.565,0.42,302.48650,1.55518,3,13
2023-02-04T22:08:05.40Z,29.771003887848792,-97.77008020455446,226.521,6.53,-11.14,7.62,1.187,1.565,0.44,300.36786,1.63320,3,13
2023-02-04T22:08:05.50Z,29.771006770703025,-97.770094619686,225.749,5.97,-11.16,7.80,1.188,1.565,0.44,298.14727,1.67198,3,14
2023-02-04T22:08:05.60Z,29.771009153557202,-97.77010913481354,224.922,5.42,-11.37,8.05,1.188,1.564,0.43,295.47617,1.67264,3,14
2023-02-04T22:08:05.70Z,29.771011036411323,-97.77012374993728,224.103,4.90,-11.26,8.23,1.188,1.565,0.46,293.50579,1.77497,3,14
2023-02-04T22:08:05.80Z,29.771012419265503,-97.77013826505708,223.288,4.20,-11.12,8.33,1.189,1.565,0.46,290.67824,1.83563,3,15
2023-02-04T22:08:05.90Z,29.771013502119672,-97.77015278017461,222.432,3.86,-11.10,8.55,1.189,1.565,0.46,289.18773,1.94507,3,15
2023-02-04T22:08:06.00Z,29.771014184973865,-97.77016719528888,221.581,3.53,-11.07,8.64,1.190,1.566,0.46,287.69423,1.96803,3,15
2023-02-04T22:08:06.10Z,29.771014367828116,-97.77018171039902,220.712,2.96,-11.18,8.73,1.191,1.567,0.45,284.83500,1.96060,3,15
2023-02-04T22:08:06.20Z,29.77101435068232,-97.77019632550753,219.844,2.75,-11.19,8.83,1.192,1.568,0.46,283.81618,1.97810,3,15
2023-02-04T22:08:06.30Z,29.771014133536482,-97.77021104061475,218.989,2.36,-11.25,8.89,1.193,1.569,0.43,281.85054,2.04216,3,15
2023-02-04T22:08:06.40Z,29.771013516390667,-97.7702255557183,218.071,2.24,-11.21,8.89,1.193,1.570,0.43,281.30286,2.05621,3,15
2023-02-04T22:08:06.50Z,29.771012699244807,-97.77024017082044,217.190,1.81,-11.18,8.83,1.194,1.571,0.45,279.19575,2.16646,3,15
2023-02-04T22:08:06.60Z,29.771011482099027,-97.7702546859191,216.316,1.47,-11.08,8.73,1.195,1.573,0.44,277.57632,2.23856,3,15
2023-02-04T22:08:06.70Z,29.771010164953225,-97.77026930101692,215.454,1.27,-11.21,8.66,1.195,1.574,0.44,276.47951,2.16926,3,15
2023-02-04T22:08:06.80Z,29.771008647807434,-97.77028381611296,214.542,1.26,-11.24,8.67,1.195,1.576,0.43,276.39077,2.06178,3,15
2023-02-04T22:08:06.90Z,29.7710069306616,-97.77029843120727,213.693,1.00,-11.22,8.56,1.194,1.576,0.38,275.10516,1.86202,3,15
2023-02-04T22:08:07.00Z,29.771005213515764,-97.77031314630176,212.844,0.92,-11.57,8.50,1.193,1.577,0.38,274.56394,1.87419,3,15
2023-02-04T22:08:07.10Z,29.771003496369985,-97.77032806139596,211.936,1.08,-11.75,8.73,1.192,1.578,0.38,275.27201,1.82933,3,15
2023-02-04T22:08:07.20Z,29.77100177922415,-97.77034307649046,210.986,1.05,-12.08,8.82,1.190,1.579,0.39,274.99004,1.84592,3,15
2023-02-04T22:08:07.30Z,29.77099996207835,-97.77035819158368,210.106,0.90,-11.88,8.76,1.189,1.581,0.43,274.31521,1.90080,3,15
2023-02-04T22:08:07.40Z,29.770998044932526,-97.7703734066763,209.299,0.75,-11.59,8.62,1.188,1.584,0.45,273.70032,1.95320,3,15
2023-02-04T22:08:07.50Z,29.77099612778676,-97.77038842176853,208.507,0.63,-11.60,8.47,1.186,1.586,0.45,273.13129,1.95022,3,15
2023-02-04T22:08:07.60Z,29.7709943106409,-97.77040353686198,207.661,0.79,-11.94,8.38,1.185,1.588,0.43,273.76626,1.88190,3,15
2023-02-04T22:08:07.70Z,29.770992393495135,-97.77041865195429,206.836,0.76,-11.68,8.27,1.184,1.592,0.48,273.71259,1.95047,3,14
2023-02-04T22:08:07.80Z,29.770990576349277,-97.77043356704735,206.008,0.85,-11.58,8.15,1.184,1.596,0.48,274.18232,1.94541,3,14
2023-02-04T22:08:07.90Z,29.770988759203476,-97.77044858214049,205.198,0.83,-11.67,8.12,1.183,1.600,0.48,274.07690,1.93098,3,14
2023-02-04T22:08:08.00Z,29.770986742057687,-97.77046359723181,204.421,0.59,-11.72,8.12,1.182,1.603,0.45,272.88255,1.90610,3,15
2023-02-04T22:08:08.10Z,29.770984724911898,-97.7704787123231,203.673,0.61,-11.62,7.97,1.181,1.605,0.44,273.00757,1.91424,3,15
2023-02-04T22:08:08.20Z,29.770982507766064,-97.77049382741257,202.901,0.45,-11.86,7.96,1.180,1.608,0.44,272.18904,1.96890,3,15
2023-02-04T22:08:08.30Z,29.770980190620264,-97.77050914250106,202.146,0.28,-11.90,7.82,1.180,1.612,0.46,271.35947,1.99762,3,14
2023-02-04T22:08:08.40Z,29.770977773474442,-97.77052455758871,201.406,0.20,-11.92,7.73,1.180,1.616,0.47,270.98048,1.99310,3,14
2023-02-04T22:08:08.50Z,29.770975156328632,-97.77053987267436,200.639,0.05,-11.89,7.75,1.179,1.620,0.47,270.21700,1.99425,3,14
2023-02-04T22:08:08.60Z,29.770972339182833,-97.77055498775803,199.967,-0.15,-11.68,7.51,1.179,1.622,0.43,269.24279,1.98995,3,15
2023-02-04T22:08:08.70Z,29.770969522037035,-97.7705701028417,199.182,-0.18,-12.00,7.57,1.178,1.624,0.43,269.15409,1.85265,3,15
2023-02-04T22:08:08.80Z,29.77096650489119,-97.77058541792337,198.470,-0.36,-11.85,7.51,1.177,1.626,0.42,268.27762,1.83578,3,15
2023-02-04T22:08:08.90Z,29.770963387745383,-97.77060063300405,197.769,-0.62,-11.84,7.41,1.176,1.628,0.42,266.99921,1.81823,3,15
2023-02-04T22:08:09.00Z,29.770960070599585,-97.77061584808291,197.012,-0.75,-11.95,7.49,1.175,1.630,0.44,266.40800,1.82078,3,15
2023-02-04T22:08:09.10Z,29.77095675345379,-97.7706309631617,196.284,-0.87,-11.79,7.44,1.174,1.632,0.44,265.79047,1.82668,3,15
2023-02-04T22:08:09.20Z,29.77095333630797,-97.77064607823922,195.569,-0.92,-11.75,7.42,1.173,1.635,0.44,265.52668,1.83475,3,15
2023-02-04T22:08:09.30Z,29.770949819162126,-97.77066109331565,194.823,-1.20,-11.78,7.42,1.172,1.637,0.43,264.16858,1.81317,3,15
2023-02-04T22:08:09.40Z,29.770946102016353,-97.77067610839015,194.084,-1.32,-11.72,7.40,1.171,1.638,0.42,263.57486,1.81794,3,15
2023-02-04T22:08:09.50Z,29.770942184870535,-97.77069102346286,193.376,-1.55,-11.43,7.29,1.170,1.640,0.43,262.26950,1.82512,3,15
2023-02-04T22:08:09.60Z,29.77093816772475,-97.77070573853416,192.653,-1.64,-11.42,7.19,1.169,1.643,0.45,261.85391,1.85093,3,15
2023-02-04T22:08:09.70Z,29.7709338505789,-97.77072045360251,191.919,-1.72,-11.34,7.24,1.168,1.645,0.45,261.34717,1.84707,3,15
2023-02-04T22:08:09.80Z,29.77092963343307,-97.77073506867168,191.170,-1.85,-11.42,7.29,1.167,1.647,0.46,260.79875,1.83794,3,15
2023-02-04T22:08:09.90Z,29.77092521628731,-97.77074968373881,190.441,-2.11,-11.15,7.26,1.166,1.650,0.46,259.25926,1.87085,3,15
2023-02-04T22:08:10.00Z,29.77092049914154,-97.77076409880283,189.747,-2.48,-10.96,7.22,1.166,1.652,0.45,257.23664,1.90160,3,15
2023-02-04T22:08:10.10Z,29.770915581995723,-97.77077831386453,189.044,-2.68,-10.92,7.12,1.165,1.654,0.45,256.21449,1.88208,3,15
2023-02-04T22:08:10.20Z,29.77091046484992,-97.77079242892432,188.360,-2.79,-10.80,7.07,1.164,1.657,0.46,255.51064,1.91683,3,15
2023-02-04T22:08:10.30Z,29.770905247704036,-97.77080664398284,187.665,-2.94,-10.80,7.03,1.164,1.659,0.47,254.77764,1.91000,3,15
2023-02-04T22:08:10.40Z,29.770899830558278,-97.7708205590393,186.980,-3.11,-10.55,6.97,1.164,1.662,0.46,253.58625,1.94332,3,15
2023-02-04T22:08:10.50Z,29.77089431341244,-97.77083437409453,186.307,-3.31,-10.34,7.01,1.163,1.665,0.46,252.26868,1.97539,3,15
2023-02-04T22:08:10.60Z,29.77088849626665,-97.77084798914643,185.664,-3.54,-10.14,6.88,1.163,1.667,0.46,250.77590,1.98192,3,15
2023-02-04T22:08:10.70Z,29.77088267912086,-97.7708613041982,185.004,-3.62,-10.01,6.84,1.162,1.670,0.46,250.10135,2.00573,3,15
2023-02-04T22:08:10.80Z,29.770876661974967,-97.77087451924751,184.315,-3.79,-9.89,6.85,1.161,1.672,0.45,249.05331,1.94245,3,15
2023-02-04T22:08:10.90Z,29.770870444829256,-97.77088773429489,183.645,-4.06,-9.89,6.94,1.161,1.674,0.45,247.67866,1.90253,3,15
2023-02-04T22:08:11.00Z,29.770863927683422,-97.77090084933889,183.007,-4.24,-9.58,6.95,1.160,1.676,0.46,246.12910,1.93600,3,15
2023-02-04T22:08:11.10Z,29.77085731053762,-97.77091366438151,182.326,-4.41,-9.49,7.04,1.159,1.678,0.46,245.08213,1.93582,3,15
2023-02-04T22:08:11.20Z,29.7708505933918,-97.77092637942292,181.623,-4.57,-9.41,7.13,1.159,1.680,0.46,244.12822,1.93770,3,15
2023-02-04T22:08:11.30Z,29.77084367624599,-97.770938894462,180.908,-4.71,-9.28,7.17,1.158,1.682,0.46,243.07234,1.94397,3,15
2023-02-04T22:08:11.40Z,29.770836659100212,-97.77095140949984,180.187,-4.87,-9.13,7.23,1.158,1.685,0.46,241.93039,1.95811,3,15
2023-02-04T22:08:11.50Z,29.77082964195438,-97.7709637245373,179.439,-4.95,-9.20,7.26,1.157,1.687,0.46,241.71092,1.93684,3,15
2023-02-04T22:08:11.60Z,29.770822424808557,-97.77097603957225,178.696,-5.20,-9.03,7.30,1.157,1.689,0.45,240.06777,1.88468,3,15
2023-02-04T22:08:11.70Z,29.770815007662748,-97.7709881546051,177.965,-5.38,-8.94,7.29,1.156,1.690,0.45,238.94985,1.87386,3,15
2023-02-04T22:08:11.80Z,29.77080739051695,-97.77100016963527,177.222,-5.54,-8.83,7.32,1.155,1.692,0.45,237.89032,1.87110,3,15
2023-02-04T22:08:11.90Z,29.770799573371164,-97.77101218466328,176.514,-5.78,-8.63,7.33,1.155,1.694,0.46,236.19570,1.92650,3,15
2023-02-04T22:08:12.00Z,29.770791656225356,-97.77102389968968,175.786,-5.92,-8.59,7.26,1.154,1.696,0.46,235.43005,1.92002,3,15
2023-02-04T22:08:12.10Z,29.770783639079525,-97.77103561471483,175.071,-6.02,-8.44,7.30,1.154,1.698,0.46,234.49682,1.93091,3,15
2023-02-04T22:08:12.20Z,29.770775321933684,-97.77104732973646,174.434,-6.28,-8.18,7.21,1.154,1.700,0.46,232.47519,1.93798,3,15
2023-02-04T22:08:12.30Z,29.770766904787877,-97.77105884475657,173.757,-6.36,-8.22,7.15,1.153,1.702,0.46,232.27083,1.84802,3,15
2023-02-04T22:08:12.40Z,29.77075848764207,-97.77107025977614,173.025,-6.41,-8.31,7.18,1.152,1.704,0.46,232.36822,1.82971,3,15
2023-02-04T22:08:12.50Z,29.770750170496285,-97.7710816747965,172.265,-6.40,-8.35,7.25,1.152,1.705,0.46,232.53626,1.77208,3,15
2023-02-04T22:08:12.60Z,29.770741753350478,-97.7710930898154,171.527,-6.52,-8.23,7.24,1.151,1.707,0.46,231.58504,1.82881,3,15
2023-02-04T22:08:12.70Z,29.770733136204683,-97.7711044048317,170.821,-6.67,-8.04,7.20,1.151,1.709,0.47,230.32930,1.89409,3,15
2023-02-04T22:08:12.80Z,29.77072451905883,-97.7711156198477,170.156,-6.67,-7.88,7.13,1.150,1.711,0.47,229.74221,1.91644,3,15
2023-02-04T22:08:12.90Z,29.770715801913013,-97.77112683486212,169.515,-6.77,-7.91,7.00,1.150,1.714,0.47,229.43143,1.91520,3,15
2023-02-04T22:08:13.00Z,29.770707084767253,-97.77113784987591,168.845,-6.80,-7.75,6.81,1.150,1.717,0.48,228.75157,1.94125,3,15
2023-02-04T22:08:13.10Z,29.7706984676214,-97.77114876489065,168.210,-6.70,-7.57,6.66,1.150,1.719,0.49,228.50512,2.01907,3,15
2023-02-04T22:08:13.20Z,29.770689750475583,-97.77115967990369,167.555,-6.81,-7.65,6.70,1.150,1.722,0.50,228.31269,1.98170,3,15
2023-02-04T22:08:13.30Z,29.770681033329822,-97.77117059491616,166.887,-6.72,-7.64,6.67,1.150,1.725,0.50,228.65083,2.05926,3,15
2023-02-04T22:08:13.40Z,29.770672316184005,-97.77118150992862,166.214,-6.75,-7.68,6.77,1.150,1.728,0.49,228.68314,2.04685,3,15
2023-02-04T22:08:13.50Z,29.770663599038187,-97.77119262494034,165.576,-6.77,-7.75,6.74,1.150,1.731,0.51,228.84438,2.03751,3,15
2023-02-04T22:08:13.60Z,29.770654981892392,-97.7712035399527,164.906,-6.83,-7.64,6.68,1.151,1.734,0.52,228.18870,2.04973,3,15
2023-02-04T22:08:13.70Z,29.77064616474655,-97.77121445496255,164.236,-6.89,-7.73,6.74,1.151,1.737,0.52,228.27894,2.03098,3,15
2023-02-04T22:08:13.80Z,29.770637247600746,-97.77122546997089,163.565,-6.99,-7.72,6.82,1.152,1.739,0.53,227.81470,1.91087,3,15
2023-02-04T22:08:13.90Z,29.770628430454906,-97.77123628497986,162.921,-6.89,-7.50,6.70,1.153,1.741,0.52,227.43032,1.95105,3,15
2023-02-04T22:08:14.00Z,29.770619713309145,-97.77124699998922,162.180,-6.85,-7.75,6.76,1.153,1.744,0.53,228.51337,2.02859,3,15
2023-02-04T22:08:14.10Z,29.770611096163293,-97.77125791499952,161.543,-6.71,-7.65,6.59,1.154,1.747,0.52,228.74769,2.01771,3,15
2023-02-04T22:08:14.20Z,29.770602679017486,-97.77126833001148,160.912,-6.55,-7.14,6.32,1.155,1.749,0.54,227.49335,2.07996,3,15
2023-02-04T22:08:14.30Z,29.7705943618717,-97.77127854502419,160.247,-6.35,-7.15,6.33,1.155,1.752,0.54,228.41004,2.11466,3,15
2023-02-04T22:08:14.40Z,29.770586244725905,-97.7712886600383,159.639,-6.24,-6.84,6.09,1.156,1.754,0.54,227.61752,2.15963,3,15
2023-02-04T22:08:14.50Z,29.770578427580062,-97.77129827505564,159.057,-5.87,-6.51,5.75,1.157,1.757,0.54,227.94188,2.28055,3,15
2023-02-04T22:08:14.60Z,29.770570210434244,-97.77130839006804,158.538,-6.07,-6.67,5.81,1.158,1.759,0.55,227.69683,2.18688,3,15
2023-02-04T22:08:14.70Z,29.770562293288435,-97.77131820508328,157.980,-5.93,-6.58,5.75,1.159,1.761,0.60,227.93914,2.49372,3,15
2023-02-04T22:08:14.80Z,29.770554076142673,-97.77132812009484,157.452,-6.14,-6.55,5.78,1.161,1.764,0.61,226.82588,2.47120,3,15
2023-02-04T22:08:14.90Z,29.77054565899681,-97.77133813510386,156.899,-6.30,-6.58,5.92,1.162,1.766,0.57,226.22642,2.23417,3,15
2023-02-04T22:08:15.00Z,29.77053704185107,-97.77134815011027,156.343,-6.55,-6.48,6.14,1.164,1.768,0.57,224.71208,2.16981,3,15
2023-02-04T22:08:15.10Z,29.77052852470524,-97.77135826511733,155.669,-6.55,-6.97,6.36,1.165,1.769,0.55,226.78669,1.93127,3,15
2023-02-04T22:08:15.20Z,29.77052000755947,-97.7713683801237,154.977,-6.63,-6.97,6.58,1.166,1.771,0.54,226.44264,1.97356,3,15
2023-02-04T22:08:15.30Z,29.77051149041364,-97.77137849512974,154.302,-6.65,-6.84,6.63,1.167,1.772,0.54,225.81681,1.93881,3,15
2023-02-04T22:08:15.40Z,29.770502873267844,-97.77138841013448,153.580,-6.74,-6.75,6.72,1.168,1.774,0.53,225.04018,1.86313,3,15
2023-02-04T22:08:15.50Z,29.770494456122037,-97.77139802514068,152.848,-6.59,-6.56,6.76,1.168,1.775,0.53,224.90080,1.90826,3,15
2023-02-04T22:08:15.60Z,29.770486138976196,-97.77140754014772,152.137,-6.41,-6.58,6.66,1.169,1.776,0.52,225.72578,1.88469,3,15
2023-02-04T22:08:15.70Z,29.770477621830423,-97.77141735515227,151.431,-6.63,-6.55,6.91,1.169,1.777,0.51,224.68257,1.75452,3,15
2023-02-04T22:08:15.80Z,29.770468904684606,-97.77142697015381,150.707,-6.77,-6.35,7.08,1.170,1.778,0.52,223.15442,1.84466,3,15
2023-02-04T22:08:15.90Z,29.770460087538765,-97.77143688515389,149.999,-6.94,-6.76,7.20,1.171,1.779,0.54,224.24372,1.83211,3,15
2023-02-04T22:08:16.00Z,29.77045087039295,-97.77144690014893,149.377,-7.23,-6.27,7.07,1.172,1.781,0.53,220.93735,1.89814,3,15
2023-02-04T22:08:16.10Z,29.770441753247155,-97.77145661514487,148.740,-7.09,-6.23,6.98,1.173,1.783,0.54,221.33111,1.92513,3,15
2023-02-04T22:08:16.20Z,29.770432736101384,-97.7714662301413,148.099,-7.06,-6.18,6.90,1.174,1.785,0.53,221.17934,1.93711,3,15
2023-02-04T22:08:16.30Z,29.770423718955556,-97.77147584513739,147.361,-7.08,-6.64,7.01,1.175,1.787,0.53,223.15799,1.87676,3,15
2023-02-04T22:08:16.40Z,29.770414701809727,-97.77148556013299,146.676,-7.18,-6.44,6.93,1.176,1.788,0.53,221.86172,1.90287,3,15
2023-02-04T22:08:16.50Z,29.770405684663956,-97.77149517512794,145.970,-7.21,-6.48,6.95,1.177,1.791,0.53,221.98259,1.91958,3,15
2023-02-04T22:08:16.60Z,29.77039646751814,-97.77150489012024,145.292,-7.24,-6.40,7.04,1.178,1.792,0.53,221.46103,1.78366,3,15
2023-02-04T22:08:16.70Z,29.770387550372277,-97.77151450511565,144.499,-7.03,-6.72,7.27,1.179,1.794,0.53,223.72373,1.78958,3,15
2023-02-04T22:08:16.80Z,29.770378533226506,-97.77152442010924,143.744,-7.09,-6.75,7.45,1.180,1.796,0.54,223.57032,1.76876,3,15
2023-02-04T22:08:16.90Z,29.770369216080667,-97.77153443509906,143.072,-7.27,-6.36,7.44,1.181,1.797,0.55,221.19082,1.85087,3,15
2023-02-04T22:08:17.00Z,29.770360098934873,-97.77154415009045,142.303,-7.26,-6.82,7.44,1.183,1.800,0.55,223.19658,1.89811,3,15
2023-02-04T22:08:17.10Z,29.770351081789045,-97.77155426508284,141.559,-7.11,-6.94,7.44,1.184,1.802,0.55,224.30557,1.97281,3,15
2023-02-04T22:08:17.20Z,29.77034186464323,-97.77156438007228,140.814,-7.33,-6.91,7.53,1.186,1.805,0.55,223.32886,1.93573,3,15
2023-02-04T22:08:17.30Z,29.77033264749747,-97.77157459506134,140.080,-7.32,-6.90,7.57,1.187,1.807,0.56,223.30966,1.86127,3,15
2023-02-04T22:08:17.40Z,29.770323730351606,-97.77158441005349,139.340,-7.08,-6.75,7.36,1.188,1.809,0.56,223.65184,2.06754,3,15
2023-02-04T22:08:17.50Z,29.770314613205812,-97.77159442504262,138.606,-7.23,-6.77,7.39,1.190,1.811,0.56,223.13480,1.96938,3,15
2023-02-04T22:08:17.60Z,29.770305096059985,-97.7716045400266,137.989,-7.53,-6.48,7.17,1.191,1.813,0.55,220.70616,1.96341,3,15
2023-02-04T22:08:17.70Z,29.770295578914215,-97.77161445500997,137.359,-7.54,-6.43,7.05,1.193,1.816,0.55,220.46025,2.04905,3,15
2023-02-04T22:08:17.80Z,29.770286061768388,-97.77162446999307,136.653,-7.62,-6.74,7.12,1.194,1.819,0.55,221.47753,2.07795,3,15
2023-02-04T22:08:17.90Z,29.77027654462256,-97.77163458497546,135.950,-7.57,-6.81,7.22,1.196,1.822,0.56,221.94671,2.06915,3,15
2023-02-04T22:08:18.00Z,29.77026692747677,-97.77164499995627,135.295,-7.65,-7.06,7.09,1.197,1.824,0.56,222.71499,1.94256,3,15
2023-02-04T22:08:18.10Z,29.770257210330954,-97.77165521493544,134.638,-7.81,-6.84,7.03,1.199,1.827,0.55,221.21163,1.95192,3,15
2023-02-04T22:08:18.20Z,29.77024749318514,-97.771665529914,133.972,-7.82,-6.84,7.02,1.200,1.829,0.55,221.14713,1.90754,3,15
2023-02-04T22:08:18.30Z,29.770237676039358,-97.7716757448909,133.288,-7.94,-7.01,7.00,1.201,1.831,0.54,221.42723,1.85550,3,15
2023-02-04T22:08:18.40Z,29.77022785889352,-97.7716860598673,132.607,-7.97,-7.02,7.01,1.202,1.833,0.54,221.35681,1.85059,3,15
2023-02-04T22:08:18.50Z,29.770217941747717,-97.77169637484201,131.935,-8.10,-6.87,6.92,1.204,1.835,0.54,220.30647,1.85217,3,15
2023-02-04T22:08:18.60Z,29.77020802460197,-97.77170638981625,131.274,-8.13,-6.79,6.76,1.205,1.837,0.54,219.86532,1.85951,3,15
